date,nav_per_unit,short_name
2004-05-20,10000.0,DCDS
2004-05-31,10000.0,DCDS
2004-06-30,10099.0,DCDS
2004-07-31,10040.42,DCDS
2004-08-31,10021.0,DCDS
2004-09-30,10055.82,DCDS
2004-10-31,10115.42,DCDS
2004-11-12,10053.62,DCDS
2004-11-19,10025.08,DCDS
2004-11-26,10011.46,DCDS
2004-11-30,10092.08,DCDS
2004-12-03,10062.99,DCDS
2004-12-10,10061.89,DCDS
2004-12-17,10086.26,DCDS
2004-12-24,10137.06,DCDS
2004-12-31,10157.88,DCDS
2005-01-07,10121.2,DCDS
2005-01-14,10159.66,DCDS
2005-01-21,10182.97,DCDS
2005-01-31,10183.86,DCDS
2005-02-04,10220.83,DCDS
2005-02-18,10410.53,DCDS
2005-02-25,10453.4,DCDS
2005-02-28,10445.01,DCDS
2005-03-04,10388.15,DCDS
2005-03-11,10386.91,DCDS
2005-03-18,10432.72,DCDS
2005-03-25,10556.0,DCDS
2005-03-31,10548.13,DCDS
2005-04-01,10530.16,DCDS
2005-04-08,10546.85,DCDS
2005-04-15,10559.0,DCDS
2005-04-22,10558.94,DCDS
2005-04-29,10308.05,DCDS
2005-04-30,10308.5,DCDS
2005-05-06,10299.95,DCDS
2005-05-13,10293.11,DCDS
2005-05-20,10293.98,DCDS
2005-05-27,10307.23,DCDS
2005-05-31,10315.02,DCDS
2005-06-03,10328.56,DCDS
2005-06-10,10341.52,DCDS
2005-06-17,10366.61,DCDS
2005-06-24,10374.18,DCDS
2005-06-30,10361.52,DCDS
2005-07-01,10357.6,DCDS
2005-07-08,10408.19,DCDS
2005-07-15,10424.45,DCDS
2005-07-22,10336.22,DCDS
2005-07-29,10366.51,DCDS
2005-07-31,10377.56,DCDS
2005-08-05,10481.37,DCDS
2005-08-12,10579.18,DCDS
2005-08-19,10600.55,DCDS
2005-08-26,10645.71,DCDS
2005-08-31,10737.34,DCDS
2005-09-02,10741.76,DCDS
2005-09-09,10866.25,DCDS
2005-09-16,11082.68,DCDS
2005-09-23,11217.12,DCDS
2005-09-30,11340.71,DCDS
2005-10-07,11505.15,DCDS
2005-10-14,11789.84,DCDS
2005-10-28,11982.87,DCDS
2005-10-31,11998.92,DCDS
2005-11-04,12210.19,DCDS
2005-11-11,12373.04,DCDS
2005-11-18,12563.18,DCDS
2005-11-25,12563.1,DCDS
2005-11-30,12568.72,DCDS
2005-12-02,12597.45,DCDS
2005-12-09,12670.04,DCDS
2005-12-16,12755.56,DCDS
2005-12-23,12850.09,DCDS
2005-12-30,12861.37,DCDS
2005-12-31,12861.22,DCDS
2006-01-06,12956.64,DCDS
2006-01-13,13306.34,DCDS
2006-01-20,13457.82,DCDS
2006-01-27,13477.33,DCDS
2006-01-31,13476.5,DCDS
2006-02-03,13475.54,DCDS
2006-02-10,13851.16,DCDS
2006-02-17,14606.25,DCDS
2006-02-24,15203.23,DCDS
2006-02-28,15463.16,DCDS
2006-03-03,15675.88,DCDS
2006-03-10,16117.81,DCDS
2006-03-17,15790.41,DCDS
2006-03-24,16254.97,DCDS
2006-03-31,17062.67,DCDS
2006-04-07,18348.0,DCDS
2006-04-14,19704.0,DCDS
2006-04-21,21821.0,DCDS
2006-04-28,22784.0,DCDS
2006-05-05,23396.0,DCDS
2006-05-12,23383.0,DCDS
2006-05-19,23393.0,DCDS
2006-05-26,23635.0,DCDS
2006-06-02,23820.0,DCDS
2006-06-09,24086.0,DCDS
2006-06-16,24462.0,DCDS
2006-06-23,24132.0,DCDS
2006-06-30,24435.0,DCDS
2006-07-07,24264.0,DCDS
2006-07-14,24055.0,DCDS
2006-07-21,23288.0,DCDS
2006-07-28,22784.0,DCDS
2006-08-04,22175.0,DCDS
2006-08-11,22246.0,DCDS
2006-08-18,22601.0,DCDS
2006-08-25,22523.0,DCDS
2006-09-01,22745.0,DCDS
2006-09-08,22986.0,DCDS
2006-09-15,22930.0,DCDS
2006-09-22,23000.0,DCDS
2006-09-29,23771.0,DCDS
2006-10-06,20835.0,DCDS
2006-10-13,20468.0,DCDS
2006-10-20,20561.0,DCDS
2006-10-27,20721.0,DCDS
2006-11-03,20835.0,DCDS
2006-11-10,21300.0,DCDS
2006-11-17,21787.0,DCDS
2006-11-24,23958.0,DCDS
2006-11-30,24263.0,DCDS
2006-12-01,24273.0,DCDS
2006-12-08,26676.0,DCDS
2006-12-15,30406.0,DCDS
2006-12-22,31353.0,DCDS
2006-12-29,33552.37,DCDS
2006-12-31,31281.38,DCDS
2007-01-05,33041.8,DCDS
2007-01-12,36978.14,DCDS
2007-01-19,39619.74,DCDS
2007-01-26,39348.8,DCDS
2007-01-31,42058.62,DCDS
2007-02-02,42948.7,DCDS
2007-02-09,43945.41,DCDS
2007-02-16,45978.58,DCDS
2007-02-23,45959.81,DCDS
2007-02-28,49658.96,DCDS
2007-03-02,49993.43,DCDS
2007-03-09,52041.35,DCDS
2007-03-16,49648.27,DCDS
2007-03-23,47376.51,DCDS
2007-03-30,44441.77,DCDS
2007-03-31,44741.3,DCDS
2007-04-06,43438.37,DCDS
2007-04-13,42979.22,DCDS
2007-04-20,40680.06,DCDS
2007-04-27,39529.11,DCDS
2007-04-30,40341.15,DCDS
2007-05-04,40007.18,DCDS
2007-05-11,41742.05,DCDS
2007-05-18,41591.6,DCDS
2007-05-25,42675.99,DCDS
2007-05-31,42017.78,DCDS
2007-06-01,41985.32,DCDS
2007-06-08,41141.22,DCDS
2007-06-15,41220.28,DCDS
2007-06-22,41540.46,DCDS
2007-06-29,41861.46,DCDS
2007-06-30,42055.3,DCDS
2007-07-06,36925.39,DCDS
2007-07-13,37592.49,DCDS
2007-07-20,37021.06,DCDS
2007-07-27,36720.54,DCDS
2007-07-31,36339.08,DCDS
2007-08-03,36255.77,DCDS
2007-08-10,35839.74,DCDS
2007-08-17,35028.3,DCDS
2007-08-24,35516.08,DCDS
2007-08-31,35587.51,DCDS
2007-09-07,35609.18,DCDS
2007-09-14,35529.45,DCDS
2007-09-21,36055.06,DCDS
2007-09-28,37958.15,DCDS
2007-09-30,37642.84,DCDS
2007-10-05,39532.95,DCDS
2007-10-12,40606.07,DCDS
2007-10-19,41395.26,DCDS
2007-10-26,42133.92,DCDS
2007-10-31,40936.85,DCDS
2007-11-02,41457.88,DCDS
2007-11-09,39999.51,DCDS
2007-11-16,39431.37,DCDS
2007-11-23,38996.72,DCDS
2007-11-30,39208.62,DCDS
2007-12-07,39380.13,DCDS
2007-12-14,38498.08,DCDS
2007-12-21,38519.87,DCDS
2007-12-28,38150.05,DCDS
2007-12-31,38371.41,DCDS
2008-01-04,37568.65,DCDS
2008-01-11,36374.52,DCDS
2008-01-18,35717.76,DCDS
2008-01-25,34702.42,DCDS
2008-01-31,36059.24,DCDS
2008-02-08,36335.04,DCDS
2008-02-15,35732.06,DCDS
2008-02-22,31809.64,DCDS
2008-02-29,30648.74,DCDS
2008-03-07,29934.74,DCDS
2008-03-14,29658.27,DCDS
2008-03-21,26970.2,DCDS
2008-03-27,25484.23,DCDS
2008-03-31,25832.25,DCDS
2008-04-03,26194.54,DCDS
2008-04-10,26152.29,DCDS
2008-04-17,24398.09,DCDS
2008-04-24,23628.92,DCDS
2008-04-30,23503.45,DCDS
2008-05-01,23503.79,DCDS
2008-05-08,22368.72,DCDS
2008-05-15,20661.13,DCDS
2008-05-22,19404.48,DCDS
2008-05-29,18838.07,DCDS
2008-05-31,18811.52,DCDS
2008-06-05,18170.9,DCDS
2008-06-12,17483.78,DCDS
2008-06-19,17659.69,DCDS
2008-06-26,17810.93,DCDS
2008-06-30,18019.93,DCDS
2008-07-03,18662.92,DCDS
2008-07-10,19275.9,DCDS
2008-07-17,20378.35,DCDS
2008-07-24,19190.88,DCDS
2008-07-31,19226.4,DCDS
2008-08-07,18984.07,DCDS
2008-08-14,19639.47,DCDS
2008-08-21,20774.45,DCDS
2008-08-28,21808.33,DCDS
2008-08-31,21952.44,DCDS
2008-09-04,22500.86,DCDS
2008-09-11,21268.37,DCDS
2008-09-18,19310.87,DCDS
2008-09-25,20285.02,DCDS
2008-09-30,19824.85,DCDS
2008-10-02,19940.56,DCDS
2008-10-09,18689.03,DCDS
2008-10-16,18110.35,DCDS
2008-10-23,17361.86,DCDS
2008-10-30,16858.97,DCDS
2008-10-31,17041.16,DCDS
2008-11-06,17604.83,DCDS
2008-11-13,17173.13,DCDS
2008-11-20,16943.51,DCDS
2008-11-27,16633.37,DCDS
2008-11-30,16866.51,DCDS
2008-12-04,16754.1,DCDS
2008-12-11,16312.95,DCDS
2008-12-18,16754.01,DCDS
2008-12-25,16886.28,DCDS
2008-12-31,16969.72,DCDS
2009-01-01,16970.17,DCDS
2009-01-08,16974.73,DCDS
2009-01-15,16761.07,DCDS
2009-01-22,16731.83,DCDS
2009-01-29,16737.64,DCDS
2009-01-31,16738.35,DCDS
2009-02-05,16063.48,DCDS
2009-02-12,16133.27,DCDS
2009-02-19,15634.79,DCDS
2009-02-26,15427.99,DCDS
2009-02-28,15479.98,DCDS
2009-03-05,15422.51,DCDS
2009-03-12,15536.41,DCDS
2009-03-19,16036.05,DCDS
2009-03-26,16410.33,DCDS
2009-03-31,16177.79,DCDS
2009-04-02,16550.61,DCDS
2009-04-09,17026.11,DCDS
2009-04-16,18282.21,DCDS
2009-04-23,17490.1,DCDS
2009-04-30,17576.43,DCDS
2009-05-07,18690.34,DCDS
2009-05-14,18675.08,DCDS
2009-05-21,19384.86,DCDS
2009-05-28,19547.89,DCDS
2009-05-31,19454.54,DCDS
2009-06-04,20706.0,DCDS
2009-06-11,22136.73,DCDS
2009-06-18,22026.07,DCDS
2009-06-25,21428.31,DCDS
2009-06-30,21132.56,DCDS
2009-07-02,20832.37,DCDS
2009-07-09,21521.43,DCDS
2009-07-16,21513.62,DCDS
2009-07-23,21462.52,DCDS
2009-07-30,22065.62,DCDS
2009-07-31,22722.75,DCDS
2009-08-06,23249.35,DCDS
2009-08-13,24247.58,DCDS
2009-08-20,24920.92,DCDS
2009-08-27,25201.09,DCDS
2009-08-31,25968.46,DCDS
2009-09-03,27926.26,DCDS
2009-09-10,26668.55,DCDS
2009-09-17,27664.2,DCDS
2009-09-24,28791.94,DCDS
2009-09-30,28181.25,DCDS
2009-10-01,27912.42,DCDS
2009-10-08,28166.72,DCDS
2009-10-15,29157.76,DCDS
2009-10-22,28916.21,DCDS
2009-10-29,27926.26,DCDS
2009-10-31,28019.93,DCDS
2009-11-05,26970.95,DCDS
2009-11-12,26790.99,DCDS
2009-11-19,27649.17,DCDS
2009-11-26,24735.41,DCDS
2009-11-30,25602.36,DCDS
2009-12-03,25561.55,DCDS
2009-12-10,23366.49,DCDS
2009-12-17,22225.52,DCDS
2009-12-24,23825.24,DCDS
2009-12-31,24798.7,DCDS
2010-01-07,25919.86,DCDS
2010-01-14,25479.53,DCDS
2010-01-21,24154.92,DCDS
2010-01-28,24571.84,DCDS
2010-01-31,24600.93,DCDS
2010-02-04,25396.73,DCDS
2010-02-11,25133.97,DCDS
2010-02-18,25274.96,DCDS
2010-02-25,24794.56,DCDS
2010-02-28,24758.8,DCDS
2010-03-04,25508.12,DCDS
2010-03-11,26300.43,DCDS
2010-03-18,26120.23,DCDS
2010-03-25,25437.65,DCDS
2010-03-31,25330.21,DCDS
2010-04-01,25657.28,DCDS
2010-04-08,26009.52,DCDS
2010-04-15,26165.4,DCDS
2010-04-22,25038.35,DCDS
2010-04-29,25607.38,DCDS
2010-04-30,25606.69,DCDS
2010-05-06,25589.04,DCDS
2010-05-13,24760.06,DCDS
2010-05-20,24440.51,DCDS
2010-05-27,24167.66,DCDS
2010-05-31,24347.32,DCDS
2010-06-03,24300.15,DCDS
2010-06-10,24026.73,DCDS
2010-06-17,24281.54,DCDS
2010-06-24,24398.42,DCDS
2010-06-30,24403.8,DCDS
2010-07-01,24305.97,DCDS
2010-07-08,24102.09,DCDS
2010-07-15,24357.5,DCDS
2010-07-22,24054.1,DCDS
2010-07-29,23982.61,DCDS
2010-07-31,24077.48,DCDS
2010-08-05,23896.08,DCDS
2010-08-12,22228.36,DCDS
2010-08-17,22275.31,DCDS
2010-08-26,21220.86,DCDS
2010-08-31,22055.96,DCDS
2010-09-02,22287.64,DCDS
2010-09-09,22443.78,DCDS
2010-09-16,21873.67,DCDS
2010-09-23,21978.27,DCDS
2010-09-30,22000.73,DCDS
2010-10-07,21770.07,DCDS
2010-10-14,21531.79,DCDS
2010-10-21,20958.31,DCDS
2010-10-28,21602.57,DCDS
2010-10-31,21865.41,DCDS
2010-11-04,21618.72,DCDS
2010-11-11,21231.44,DCDS
2010-11-18,20229.55,DCDS
2010-11-25,20657.46,DCDS
2010-11-30,20954.4,DCDS
2010-12-02,21233.19,DCDS
2010-12-09,21174.99,DCDS
2010-12-16,21575.2,DCDS
2010-12-23,21513.58,DCDS
2010-12-30,21681.92,DCDS
2010-12-31,21262.67,DCDS
2011-01-06,21026.43,DCDS
2011-01-13,20815.45,DCDS
2011-01-20,21183.15,DCDS
2011-01-27,21501.28,DCDS
2011-01-31,21726.57,DCDS
2011-02-03,21723.45,DCDS
2011-02-10,21891.42,DCDS
2011-02-17,21233.18,DCDS
2011-02-24,19403.83,DCDS
2011-02-28,19405.23,DCDS
2011-03-03,18598.59,DCDS
2011-03-10,19429.95,DCDS
2011-03-17,19181.22,DCDS
2011-03-24,19209.92,DCDS
2011-03-31,19052.18,DCDS
2011-04-07,19052.44,DCDS
2011-04-14,18979.73,DCDS
2011-04-21,18242.54,DCDS
2011-04-28,17939.7,DCDS
2011-04-30,18056.47,DCDS
2011-05-05,18006.24,DCDS
2011-05-12,17893.92,DCDS
2011-05-19,17281.69,DCDS
2011-05-26,15893.49,DCDS
2011-05-31,16218.64,DCDS
2011-06-02,17041.9,DCDS
2011-06-09,17347.58,DCDS
2011-06-16,17124.41,DCDS
2011-06-23,16850.8,DCDS
2011-06-30,16483.85,DCDS
2011-07-07,16268.67,DCDS
2011-07-14,15955.91,DCDS
2011-07-21,15892.38,DCDS
2011-07-28,15740.21,DCDS
2011-07-31,15705.97,DCDS
2011-08-04,15346.47,DCDS
2011-08-11,14809.65,DCDS
2011-08-18,15540.88,DCDS
2011-08-25,15705.23,DCDS
2011-08-31,16411.3,DCDS
2011-09-01,16550.3,DCDS
2011-09-08,16637.84,DCDS
2011-09-15,16625.55,DCDS
2011-09-22,16548.34,DCDS
2011-09-29,15958.29,DCDS
2011-09-30,15905.72,DCDS
2011-10-06,15828.32,DCDS
2011-10-13,15493.2,DCDS
2011-10-20,15296.49,DCDS
2011-10-27,15166.41,DCDS
2011-10-31,15416.53,DCDS
2011-11-03,14873.86,DCDS
2011-11-10,14317.5,DCDS
2011-11-17,13780.92,DCDS
2011-11-24,13940.6,DCDS
2011-11-30,13464.11,DCDS
2011-12-01,13597.04,DCDS
2011-12-08,13962.95,DCDS
2011-12-15,13108.54,DCDS
2011-12-22,12847.51,DCDS
2011-12-29,12867.53,DCDS
2011-12-31,12983.35,DCDS
2012-01-05,12615.26,DCDS
2012-01-12,12654.28,DCDS
2012-01-19,13160.97,DCDS
2012-01-26,13276.37,DCDS
2012-01-31,13620.17,DCDS
2012-02-02,13989.08,DCDS
2012-02-09,13935.52,DCDS
2012-02-16,13825.62,DCDS
2012-02-23,14914.78,DCDS
2012-02-29,15016.24,DCDS
2012-03-01,15144.34,DCDS
2012-03-08,15027.36,DCDS
2012-03-15,15217.84,DCDS
2012-03-22,15188.23,DCDS
2012-03-29,14986.78,DCDS
2012-03-31,14928.78,DCDS
2012-04-05,15218.07,DCDS
2012-04-12,15903.78,DCDS
2012-04-19,15966.82,DCDS
2012-04-26,16387.02,DCDS
2012-04-30,16523.52,DCDS
2012-05-03,16596.33,DCDS
2012-05-10,17269.07,DCDS
2012-05-17,16052.99,DCDS
2012-05-24,15577.52,DCDS
2012-05-31,15663.7,DCDS
2012-06-07,15814.28,DCDS
2012-06-14,15634.89,DCDS
2012-06-21,15771.44,DCDS
2012-06-28,15343.57,DCDS
2012-06-30,15520.37,DCDS
2012-07-05,15255.26,DCDS
2012-07-12,15128.55,DCDS
2012-07-19,15888.74,DCDS
2012-07-26,15385.04,DCDS
2012-07-31,15299.28,DCDS
2012-08-02,15336.3,DCDS
2012-08-09,15738.82,DCDS
2012-08-16,15977.98,DCDS
2012-08-23,14926.31,DCDS
2012-08-30,14903.85,DCDS
2012-08-31,15044.19,DCDS
2012-09-06,14852.05,DCDS
2012-09-13,14782.4,DCDS
2012-09-20,14403.39,DCDS
2012-09-27,14589.89,DCDS
2012-09-30,14528.14,DCDS
2012-10-04,14348.81,DCDS
2012-10-11,14791.03,DCDS
2012-10-18,14995.92,DCDS
2012-10-25,14702.45,DCDS
2012-10-31,14635.69,DCDS
2012-11-01,14634.52,DCDS
2012-11-08,14480.34,DCDS
2012-11-15,14703.77,DCDS
2012-11-22,14402.08,DCDS
2012-11-29,14258.37,DCDS
2012-11-30,14345.25,DCDS
2012-12-06,14466.8,DCDS
2012-12-13,14574.88,DCDS
2012-12-20,14829.48,DCDS
2012-12-27,15086.68,DCDS
2012-12-31,15200.52,DCDS
2013-01-03,15308.15,DCDS
2013-01-10,16549.22,DCDS
2013-01-17,16511.02,DCDS
2013-01-24,16314.43,DCDS
2013-01-31,16961.55,DCDS
2013-02-07,17175.01,DCDS
2013-02-14,17205.66,DCDS
2013-02-21,16884.07,DCDS
2013-02-28,16616.67,DCDS
2013-03-07,16550.09,DCDS
2013-03-14,16848.46,DCDS
2013-03-21,17329.6,DCDS
2013-03-28,17348.37,DCDS
2013-03-31,17346.02,DCDS
2013-04-04,17568.39,DCDS
2013-04-11,17793.19,DCDS
2013-04-18,17062.07,DCDS
2013-04-25,17134.94,DCDS
2013-04-30,17069.93,DCDS
2013-05-02,16968.89,DCDS
2013-05-09,17327.16,DCDS
2013-05-16,17484.85,DCDS
2013-05-23,17916.75,DCDS
2013-05-30,18669.26,DCDS
2013-05-31,18672.63,DCDS
2013-06-06,18733.16,DCDS
2013-06-13,18681.24,DCDS
2013-06-20,18211.65,DCDS
2013-06-27,17809.49,DCDS
2013-06-30,17786.01,DCDS
2013-07-04,18039.42,DCDS
2013-07-11,17926.58,DCDS
2013-07-18,18261.66,DCDS
2013-07-25,18188.62,DCDS
2013-07-31,18218.17,DCDS
2013-08-01,18240.26,DCDS
2013-08-08,18426.38,DCDS
2013-08-15,18837.28,DCDS
2013-08-22,18625.77,DCDS
2013-08-29,18023.56,DCDS
2013-08-31,18052.01,DCDS
2013-09-05,18334.27,DCDS
2013-09-12,18341.37,DCDS
2013-09-19,18430.1,DCDS
2013-09-26,18677.95,DCDS
2013-09-30,18797.68,DCDS
2013-10-03,18705.63,DCDS
2013-10-08,18910.47,DCDS
2013-10-09,18930.37,DCDS
2013-10-16,18884.23,DCDS
2013-10-23,18963.98,DCDS
2013-10-30,18875.43,DCDS
2013-10-31,18839.75,DCDS
2013-11-06,18940.0,DCDS
2013-11-13,18812.25,DCDS
2013-11-20,19182.04,DCDS
2013-11-27,19342.88,DCDS
2013-11-30,19225.02,DCDS
2013-12-04,19334.54,DCDS
2013-12-11,19103.53,DCDS
2013-12-18,19133.9,DCDS
2013-12-25,18988.66,DCDS
2013-12-31,19050.95,DCDS
2014-01-01,19050.27,DCDS
2014-01-08,19380.31,DCDS
2014-01-15,20005.19,DCDS
2014-01-22,20757.64,DCDS
2014-01-31,21017.55,DCDS
2014-02-05,21013.23,DCDS
2014-02-12,21236.36,DCDS
2014-02-19,21897.2,DCDS
2014-02-26,22373.96,DCDS
2014-02-28,22195.3,DCDS
2014-03-05,21697.32,DCDS
2014-03-12,22320.0,DCDS
2014-03-19,23018.36,DCDS
2014-03-26,22323.25,DCDS
2014-03-31,22534.05,DCDS
2014-04-02,22230.74,DCDS
2014-04-09,22982.21,DCDS
2014-04-16,21844.82,DCDS
2014-04-23,21500.32,DCDS
2014-04-30,21921.24,DCDS
2014-05-04,21917.67,DCDS
2014-05-07,21227.94,DCDS
2014-05-14,19816.41,DCDS
2014-05-21,20387.21,DCDS
2014-05-28,20682.26,DCDS
2014-05-31,20713.14,DCDS
2014-06-04,20384.42,DCDS
2014-06-11,20784.09,DCDS
2014-06-18,20974.29,DCDS
2014-06-25,21100.91,DCDS
2014-06-30,21232.86,DCDS
2014-07-02,21377.57,DCDS
2014-07-09,21738.21,DCDS
2014-07-16,21961.71,DCDS
2014-07-23,22261.43,DCDS
2014-07-30,21759.34,DCDS
2014-07-31,22034.12,DCDS
2014-08-06,22263.74,DCDS
2014-08-13,22289.24,DCDS
2014-08-20,22541.99,DCDS
2014-08-27,23444.6,DCDS
2014-08-31,23713.31,DCDS
2014-09-03,23744.59,DCDS
2014-09-10,23531.19,DCDS
2014-09-17,23917.23,DCDS
2014-09-24,23041.54,DCDS
2014-09-25,23267.64,DCDS
2014-09-26,23116.61,DCDS
2014-09-29,23005.29,DCDS
2014-09-30,23000.2,DCDS
2014-10-01,23423.74,DCDS
2014-10-02,23669.65,DCDS
2014-10-03,23621.49,DCDS
2014-10-06,23714.7,DCDS
2014-10-07,23723.35,DCDS
2014-10-08,23728.89,DCDS
2014-10-09,23855.04,DCDS
2014-10-10,23549.2,DCDS
2014-10-13,23525.03,DCDS
2014-10-14,23197.72,DCDS
2014-10-15,23083.34,DCDS
2014-10-16,22346.0,DCDS
2014-10-17,22337.05,DCDS
2014-10-20,22421.81,DCDS
2014-10-21,22707.02,DCDS
2014-10-22,22908.36,DCDS
2014-10-23,22611.75,DCDS
2014-10-24,22546.71,DCDS
2014-10-27,22059.35,DCDS
2014-10-28,22237.45,DCDS
2014-10-29,22601.29,DCDS
2014-10-30,22604.04,DCDS
2014-10-31,22943.91,DCDS
2014-11-03,23093.62,DCDS
2014-11-04,22904.49,DCDS
2014-11-05,22828.16,DCDS
2014-11-06,22801.45,DCDS
2014-11-07,22946.33,DCDS
2014-11-10,22910.12,DCDS
2014-11-11,23019.46,DCDS
2014-11-12,22989.52,DCDS
2014-11-13,22966.61,DCDS
2014-11-14,22792.81,DCDS
2014-11-17,22762.12,DCDS
2014-11-18,22545.92,DCDS
2014-11-19,22293.39,DCDS
2014-11-20,22477.25,DCDS
2014-11-21,22241.87,DCDS
2014-11-24,22042.61,DCDS
2014-11-25,22180.64,DCDS
2014-11-26,22025.81,DCDS
2014-11-27,21999.77,DCDS
2014-11-28,21610.52,DCDS
2014-11-30,21609.05,DCDS
2014-12-01,21602.06,DCDS
2014-12-02,21723.84,DCDS
2014-12-03,21927.24,DCDS
2014-12-04,21932.4,DCDS
2014-12-05,21907.28,DCDS
2014-12-08,21538.18,DCDS
2014-12-09,20815.19,DCDS
2014-12-10,21111.88,DCDS
2014-12-11,20890.82,DCDS
2014-12-12,20980.72,DCDS
2014-12-15,20844.67,DCDS
2014-12-16,20342.2,DCDS
2014-12-17,19727.5,DCDS
2014-12-18,20134.64,DCDS
2014-12-19,19942.94,DCDS
2014-12-22,20387.28,DCDS
2014-12-23,20375.15,DCDS
2014-12-24,20467.87,DCDS
2014-12-25,20250.85,DCDS
2014-12-26,20149.13,DCDS
2014-12-29,20106.85,DCDS
2014-12-30,20387.81,DCDS
2014-12-31,20768.75,DCDS
2015-01-05,20682.14,DCDS
2015-01-06,20794.58,DCDS
2015-01-07,20915.75,DCDS
2015-01-08,20840.29,DCDS
2015-01-09,21203.16,DCDS
2015-01-12,21133.45,DCDS
2015-01-13,21250.01,DCDS
2015-01-14,21304.49,DCDS
2015-01-15,21432.43,DCDS
2015-01-16,21325.22,DCDS
2015-01-19,21221.81,DCDS
2015-01-20,21278.7,DCDS
2015-01-21,21269.77,DCDS
2015-01-22,21354.26,DCDS
2015-01-23,21501.34,DCDS
2015-01-26,21480.51,DCDS
2015-01-27,21418.87,DCDS
2015-01-28,21452.3,DCDS
2015-01-29,21515.28,DCDS
2015-01-30,21342.94,DCDS
2015-01-31,21342.54,DCDS
2015-02-02,21222.23,DCDS
2015-02-03,21008.52,DCDS
2015-02-04,21100.58,DCDS
2015-02-05,21170.86,DCDS
2015-02-06,21348.86,DCDS
2015-02-09,21220.69,DCDS
2015-02-10,21213.39,DCDS
2015-02-11,21484.33,DCDS
2015-02-12,21649.18,DCDS
2015-02-13,21718.55,DCDS
2015-02-24,21783.07,DCDS
2015-02-25,21619.89,DCDS
2015-02-26,21778.76,DCDS
2015-02-27,21707.13,DCDS
2015-02-28,21706.6,DCDS
2015-03-02,21592.43,DCDS
2015-03-03,21809.51,DCDS
2015-03-04,22025.11,DCDS
2015-03-05,21987.21,DCDS
2015-03-06,21999.82,DCDS
2015-03-09,21872.13,DCDS
2015-03-10,21879.33,DCDS
2015-03-11,21757.21,DCDS
2015-03-12,21772.5,DCDS
2015-03-13,21715.76,DCDS
2015-03-16,21539.79,DCDS
2015-03-17,21585.89,DCDS
2015-03-18,21443.97,DCDS
2015-03-19,21280.94,DCDS
2015-03-20,21410.31,DCDS
2015-03-23,21207.3,DCDS
2015-03-24,21086.98,DCDS
2015-03-25,20996.38,DCDS
2015-03-26,20951.41,DCDS
2015-03-27,20811.52,DCDS
2015-03-30,20615.03,DCDS
2015-03-31,20737.23,DCDS
2015-04-01,20433.4,DCDS
2015-04-02,20683.77,DCDS
2015-04-03,20758.41,DCDS
2015-04-06,20645.36,DCDS
2015-04-07,20847.29,DCDS
2015-04-08,20821.57,DCDS
2015-04-09,20968.73,DCDS
2015-04-10,21084.67,DCDS
2015-04-13,21066.52,DCDS
2015-04-14,20973.02,DCDS
2015-04-15,21202.0,DCDS
2015-04-16,21303.61,DCDS
2015-04-17,21357.4,DCDS
2015-04-20,21260.2,DCDS
2015-04-21,21153.42,DCDS
2015-04-22,21178.37,DCDS
2015-04-23,21052.68,DCDS
2015-04-24,21111.76,DCDS
2015-04-27,20989.62,DCDS
2015-04-30,20988.33,DCDS
2015-05-04,20423.42,DCDS
2015-05-05,20671.95,DCDS
2015-05-06,20520.14,DCDS
2015-05-07,20675.01,DCDS
2015-05-08,20757.41,DCDS
2015-05-11,20635.79,DCDS
2015-05-12,20442.33,DCDS
2015-05-13,20388.37,DCDS
2015-05-14,20545.1,DCDS
2015-05-15,20235.72,DCDS
2015-05-18,19846.43,DCDS
2015-05-19,20075.52,DCDS
2015-05-20,20649.65,DCDS
2015-05-21,20754.57,DCDS
2015-05-22,21328.78,DCDS
2015-05-25,21416.28,DCDS
2015-05-26,21341.12,DCDS
2015-05-27,21355.2,DCDS
2015-05-28,21522.0,DCDS
2015-05-29,21497.69,DCDS
2015-05-31,21496.63,DCDS
2015-06-01,21500.18,DCDS
2015-06-02,21381.87,DCDS
2015-06-03,21477.79,DCDS
2015-06-04,21575.38,DCDS
2015-06-05,21851.46,DCDS
2015-06-08,21909.52,DCDS
2015-06-09,21831.41,DCDS
2015-06-10,21884.61,DCDS
2015-06-11,22053.58,DCDS
2015-06-12,22230.36,DCDS
2015-06-15,22169.23,DCDS
2015-06-16,21967.45,DCDS
2015-06-17,21861.41,DCDS
2015-06-18,21904.25,DCDS
2015-06-19,22024.11,DCDS
2015-06-22,22266.75,DCDS
2015-06-23,22273.79,DCDS
2015-06-24,22121.24,DCDS
2015-06-25,22071.79,DCDS
2015-06-26,21987.94,DCDS
2015-06-29,22299.55,DCDS
2015-06-30,22260.85,DCDS
2015-07-01,22340.5,DCDS
2015-07-02,22728.6,DCDS
2015-07-03,22992.05,DCDS
2015-07-06,23205.11,DCDS
2015-07-07,23175.18,DCDS
2015-07-08,23016.3,DCDS
2015-07-09,23092.07,DCDS
2015-07-10,23245.29,DCDS
2015-07-13,23436.54,DCDS
2015-07-14,23391.08,DCDS
2015-07-15,23097.2,DCDS
2015-07-16,23097.42,DCDS
2015-07-17,23068.94,DCDS
2015-07-20,22912.22,DCDS
2015-07-21,22863.64,DCDS
2015-07-22,23321.11,DCDS
2015-07-23,23346.13,DCDS
2015-07-24,23511.9,DCDS
2015-07-27,23763.57,DCDS
2015-07-28,23718.4,DCDS
2015-07-29,23582.25,DCDS
2015-07-30,23561.73,DCDS
2015-07-31,23461.76,DCDS
2015-08-03,23136.53,DCDS
2015-08-04,23054.31,DCDS
2015-08-05,23398.28,DCDS
2015-08-06,23349.06,DCDS
2015-08-07,23479.39,DCDS
2015-08-10,23907.06,DCDS
2015-08-11,23793.2,DCDS
2015-08-12,23537.25,DCDS
2015-08-13,23279.7,DCDS
2015-08-14,23201.36,DCDS
2015-08-17,22748.63,DCDS
2015-08-18,22967.52,DCDS
2015-08-19,23011.85,DCDS
2015-08-20,22710.99,DCDS
2015-08-21,22386.27,DCDS
2015-08-24,21362.83,DCDS
2015-08-25,21428.93,DCDS
2015-08-26,22015.7,DCDS
2015-08-27,22191.72,DCDS
2015-08-28,22513.52,DCDS
2015-08-31,22256.1,DCDS
2015-09-01,22314.46,DCDS
2015-09-03,22009.98,DCDS
2015-09-04,22045.07,DCDS
2015-09-07,21946.76,DCDS
2015-09-08,22275.9,DCDS
2015-09-09,22496.14,DCDS
2015-09-10,22509.22,DCDS
2015-09-11,22393.85,DCDS
2015-09-14,22358.99,DCDS
2015-09-15,22398.64,DCDS
2015-09-16,22347.07,DCDS
2015-09-17,22335.5,DCDS
2015-09-18,22631.7,DCDS
2015-09-21,22894.18,DCDS
2015-09-22,22989.91,DCDS
2015-09-23,22939.09,DCDS
2015-09-24,22966.58,DCDS
2015-09-25,22982.85,DCDS
2015-09-28,22777.13,DCDS
2015-09-29,22651.93,DCDS
2015-09-30,22699.37,DCDS
2015-10-01,22761.7,DCDS
2015-10-02,22777.45,DCDS
2015-10-05,23034.08,DCDS
2015-10-06,23386.03,DCDS
2015-10-07,23236.28,DCDS
2015-10-08,23451.51,DCDS
2015-10-09,23382.42,DCDS
2015-10-12,23478.54,DCDS
2015-10-13,23454.15,DCDS
2015-10-14,23545.89,DCDS
2015-10-15,23599.55,DCDS
2015-10-16,23653.03,DCDS
2015-10-19,23808.09,DCDS
2015-10-20,23647.11,DCDS
2015-10-21,23593.69,DCDS
2015-10-22,23742.53,DCDS
2015-10-23,23959.98,DCDS
2015-10-26,23881.41,DCDS
2015-10-27,23909.82,DCDS
2015-10-28,23992.3,DCDS
2015-10-29,24235.34,DCDS
2015-10-30,24241.77,DCDS
2015-10-31,24241.34,DCDS
2015-11-02,23972.57,DCDS
2015-11-03,24388.17,DCDS
2015-11-04,24267.62,DCDS
2015-11-05,24505.71,DCDS
2015-11-06,24427.3,DCDS
2015-11-09,24220.49,DCDS
2015-11-10,24092.43,DCDS
2015-11-11,24055.43,DCDS
2015-11-12,24290.43,DCDS
2015-11-13,24638.54,DCDS
2015-11-16,24659.99,DCDS
2015-11-17,24379.12,DCDS
2015-11-18,24334.32,DCDS
2015-11-19,24199.41,DCDS
2015-11-20,24269.0,DCDS
2015-11-23,24081.17,DCDS
2015-11-24,23764.01,DCDS
2015-11-25,23903.8,DCDS
2015-11-26,23671.54,DCDS
2015-11-27,23444.08,DCDS
2015-11-30,23237.89,DCDS
2015-12-01,23238.11,DCDS
2015-12-02,23411.65,DCDS
2015-12-03,23426.33,DCDS
2015-12-04,23289.05,DCDS
2015-12-07,23106.61,DCDS
2015-12-08,23552.74,DCDS
2015-12-09,23294.05,DCDS
2015-12-10,23138.96,DCDS
2015-12-11,23247.77,DCDS
2015-12-14,23253.19,DCDS
2015-12-15,23530.48,DCDS
2015-12-16,23685.13,DCDS
2015-12-17,23829.67,DCDS
2015-12-18,23607.0,DCDS
2015-12-21,23491.16,DCDS
2015-12-22,23345.98,DCDS
2015-12-23,23256.53,DCDS
2015-12-24,23285.86,DCDS
2015-12-25,23261.91,DCDS
2015-12-28,23340.91,DCDS
2015-12-29,23520.53,DCDS
2015-12-30,23580.3,DCDS
2015-12-31,23598.97,DCDS
2016-01-03,23597.97,DCDS
2016-01-04,23481.89,DCDS
2016-01-05,23323.41,DCDS
2016-01-06,23460.86,DCDS
2016-01-07,23081.1,DCDS
2016-01-08,22909.52,DCDS
2016-01-11,22766.67,DCDS
2016-01-12,23118.65,DCDS
2016-01-13,23049.8,DCDS
2016-01-14,22845.35,DCDS
2016-01-15,22592.73,DCDS
2016-01-18,22131.79,DCDS
2016-01-19,22423.08,DCDS
2016-01-20,22274.93,DCDS
2016-01-21,22139.06,DCDS
2016-01-22,22094.14,DCDS
2016-01-25,22692.99,DCDS
2016-01-26,22336.62,DCDS
2016-01-27,22535.28,DCDS
2016-01-28,22482.83,DCDS
2016-01-29,22613.8,DCDS
2016-01-31,22613.4,DCDS
2016-02-01,22515.86,DCDS
2016-02-02,22408.97,DCDS
2016-02-03,22484.84,DCDS
2016-02-04,22629.2,DCDS
2016-02-05,22726.92,DCDS
2016-02-14,22725.15,DCDS
2016-02-15,22739.71,DCDS
2016-02-16,22996.25,DCDS
2016-02-17,23109.06,DCDS
2016-02-18,23322.61,DCDS
2016-02-19,23340.21,DCDS
2016-02-21,23339.48,DCDS
2016-02-22,23520.55,DCDS
2016-02-23,23434.44,DCDS
2016-02-24,23548.38,DCDS
2016-02-25,23385.92,DCDS
2016-02-26,23578.82,DCDS
2016-02-28,23578.11,DCDS
2016-02-29,23480.0,DCDS
2016-03-01,23589.01,DCDS
2016-03-02,23788.73,DCDS
2016-03-03,23854.82,DCDS
2016-03-04,24075.19,DCDS
2016-03-06,24074.44,DCDS
2016-03-07,24059.06,DCDS
2016-03-08,23929.8,DCDS
2016-03-09,23990.69,DCDS
2016-03-10,24194.95,DCDS
2016-03-11,24277.8,DCDS
2016-03-13,24276.96,DCDS
2016-03-14,24158.91,DCDS
2016-03-15,24109.95,DCDS
2016-03-16,24254.47,DCDS
2016-03-17,24348.92,DCDS
2016-03-18,24319.04,DCDS
2016-03-20,24318.18,DCDS
2016-03-21,24152.28,DCDS
2016-03-22,24063.2,DCDS
2016-03-23,24206.45,DCDS
2016-03-24,24162.88,DCDS
2016-03-25,24070.24,DCDS
2016-03-27,24069.36,DCDS
2016-03-28,24205.98,DCDS
2016-03-29,24088.83,DCDS
2016-03-30,24207.9,DCDS
2016-03-31,23849.99,DCDS
2016-04-01,23772.84,DCDS
2016-04-03,23772.23,DCDS
2016-04-04,23759.37,DCDS
2016-04-05,24027.65,DCDS
2016-04-06,24256.75,DCDS
2016-04-07,24484.42,DCDS
2016-04-08,24559.76,DCDS
2016-04-10,24559.06,DCDS
2016-04-11,24739.78,DCDS
2016-04-12,24750.11,DCDS
2016-04-13,24660.35,DCDS
2016-04-14,24688.65,DCDS
2016-04-15,24713.36,DCDS
2016-04-18,24712.46,DCDS
2016-04-19,24345.56,DCDS
2016-04-20,24220.32,DCDS
2016-04-21,24424.56,DCDS
2016-04-22,24775.52,DCDS
2016-04-24,24774.92,DCDS
2016-04-25,24734.87,DCDS
2016-04-26,24880.55,DCDS
2016-04-27,24696.28,DCDS
2016-04-28,24701.25,DCDS
2016-04-29,24843.68,DCDS
2016-04-30,24843.4,DCDS
2016-05-02,24843.68,DCDS
2016-05-03,24842.57,DCDS
2016-05-04,24978.19,DCDS
2016-05-05,25141.32,DCDS
2016-05-06,25157.0,DCDS
2016-05-08,25156.65,DCDS
2016-05-09,25104.12,DCDS
2016-05-10,25088.64,DCDS
2016-05-11,25353.15,DCDS
2016-05-12,25323.76,DCDS
2016-05-13,25291.93,DCDS
2016-05-15,25291.58,DCDS
2016-05-16,25450.17,DCDS
2016-05-17,25675.38,DCDS
2016-05-18,25571.79,DCDS
2016-05-19,25549.92,DCDS
2016-05-20,25521.12,DCDS
2016-05-22,25520.66,DCDS
2016-05-23,25439.83,DCDS
2016-05-24,25451.19,DCDS
2016-05-25,25446.68,DCDS
2016-05-26,25224.44,DCDS
2016-05-27,25455.0,DCDS
2016-05-29,25454.53,DCDS
2016-05-30,25573.18,DCDS
2016-05-31,25648.82,DCDS
2016-06-01,25698.57,DCDS
2016-06-02,25904.06,DCDS
2016-06-03,25934.04,DCDS
2016-06-05,25933.59,DCDS
2016-06-06,25738.79,DCDS
2016-06-07,25923.37,DCDS
2016-06-08,26037.34,DCDS
2016-06-09,26043.98,DCDS
2016-06-10,25990.67,DCDS
2016-06-12,25989.74,DCDS
2016-06-13,25888.1,DCDS
2016-06-14,26043.01,DCDS
2016-06-15,26082.75,DCDS
2016-06-16,26051.98,DCDS
2016-06-17,25909.91,DCDS
2016-06-19,25909.29,DCDS
2016-06-20,26347.25,DCDS
2016-06-21,26510.2,DCDS
2016-06-22,26453.76,DCDS
2016-06-23,26689.71,DCDS
2016-06-24,26447.97,DCDS
2016-06-26,26447.3,DCDS
2016-06-27,26437.16,DCDS
2016-06-28,26580.13,DCDS
2016-06-29,26816.22,DCDS
2016-06-30,26949.32,DCDS
2016-07-01,27172.83,DCDS
2016-07-03,27172.08,DCDS
2016-07-04,27522.42,DCDS
2016-07-05,27517.15,DCDS
2016-07-06,27593.0,DCDS
2016-07-07,28118.85,DCDS
2016-07-08,28174.86,DCDS
2016-07-10,28173.39,DCDS
2016-07-11,27784.82,DCDS
2016-07-12,27943.98,DCDS
2016-07-13,28292.1,DCDS
2016-07-14,28052.98,DCDS
2016-07-15,27974.19,DCDS
2016-07-17,27973.87,DCDS
2016-07-18,28230.38,DCDS
2016-07-19,28044.27,DCDS
2016-07-20,27902.06,DCDS
2016-07-21,27843.4,DCDS
2016-07-22,27542.87,DCDS
2016-07-24,27543.18,DCDS
2016-07-25,27476.39,DCDS
2016-07-26,27528.2,DCDS
2016-07-27,27747.38,DCDS
2016-07-28,27888.35,DCDS
2016-07-29,27907.7,DCDS
2016-07-31,27907.9,DCDS
2016-08-01,27676.55,DCDS
2016-08-02,27357.77,DCDS
2016-08-03,27308.29,DCDS
2016-08-04,27329.74,DCDS
2016-08-05,27341.51,DCDS
2016-08-07,27341.87,DCDS
2016-08-08,27413.48,DCDS
2016-08-09,27661.99,DCDS
2016-08-10,27922.85,DCDS
2016-08-11,28276.69,DCDS
2016-08-12,28142.82,DCDS
2016-08-14,28143.34,DCDS
2016-08-15,28272.94,DCDS
2016-08-16,28407.13,DCDS
2016-08-17,28696.09,DCDS
2016-08-18,28832.23,DCDS
2016-08-19,28819.25,DCDS
2016-08-21,28819.26,DCDS
2016-08-22,28561.15,DCDS
2016-08-23,28778.15,DCDS
2016-08-24,28774.14,DCDS
2016-08-25,28758.52,DCDS
2016-08-26,28992.67,DCDS
2016-08-28,28992.13,DCDS
2016-08-29,28920.9,DCDS
2016-08-30,29106.51,DCDS
2016-08-31,29333.94,DCDS
2016-09-01,29231.08,DCDS
2016-09-04,29228.79,DCDS
2016-09-05,29158.21,DCDS
2016-09-06,29100.06,DCDS
2016-09-07,29080.47,DCDS
2016-09-08,29247.01,DCDS
2016-09-09,29147.66,DCDS
2016-09-11,29146.63,DCDS
2016-09-12,28809.65,DCDS
2016-09-13,28938.38,DCDS
2016-09-14,28909.38,DCDS
2016-09-15,28866.26,DCDS
2016-09-16,28670.83,DCDS
2016-09-18,28669.42,DCDS
2016-09-19,28669.98,DCDS
2016-09-20,28739.32,DCDS
2016-09-21,28854.49,DCDS
2016-09-22,29012.27,DCDS
2016-09-23,29157.07,DCDS
2016-09-25,29156.44,DCDS
2016-09-26,29250.9,DCDS
2016-09-27,29298.3,DCDS
2016-09-28,29367.52,DCDS
2016-09-29,29392.22,DCDS
2016-09-30,29260.09,DCDS
2016-10-02,29259.38,DCDS
2016-10-03,29210.65,DCDS
2016-10-04,29106.99,DCDS
2016-10-05,29124.49,DCDS
2016-10-06,29173.79,DCDS
2016-10-09,29005.31,DCDS
2016-10-10,28704.89,DCDS
2016-10-11,28910.21,DCDS
2016-10-12,28920.01,DCDS
2016-10-13,29040.88,DCDS
2016-10-16,29067.04,DCDS
2016-10-17,28806.11,DCDS
2016-10-18,28902.17,DCDS
2016-10-19,29057.5,DCDS
2016-10-20,29079.0,DCDS
2016-10-23,29016.85,DCDS
2016-10-24,28651.48,DCDS
2016-10-25,28500.35,DCDS
2016-10-26,28479.39,DCDS
2016-10-27,28559.01,DCDS
2016-10-30,28674.39,DCDS
2016-10-31,28525.75,DCDS
2016-11-01,28596.68,DCDS
2016-11-02,28409.08,DCDS
2016-11-03,28378.52,DCDS
2016-11-06,28359.27,DCDS
2016-11-07,28527.62,DCDS
2016-11-08,28588.03,DCDS
2016-11-09,28420.25,DCDS
2016-11-10,28580.06,DCDS
2016-11-13,28617.25,DCDS
2016-11-14,28411.03,DCDS
2016-11-15,28352.07,DCDS
2016-11-16,28358.29,DCDS
2016-11-17,28366.39,DCDS
2016-11-20,28267.38,DCDS
2016-11-21,28309.52,DCDS
2016-11-22,28537.21,DCDS
2016-11-23,28424.38,DCDS
2016-11-24,28344.63,DCDS
2016-11-25,28307.69,DCDS
2016-11-27,28486.31,DCDS
2016-11-28,28142.25,DCDS
2016-11-29,28196.97,DCDS
2016-11-30,28497.08,DCDS
2016-12-01,28508.92,DCDS
2016-12-04,28474.02,DCDS
2016-12-05,28189.17,DCDS
2016-12-06,27884.58,DCDS
2016-12-07,27792.88,DCDS
2016-12-08,27971.8,DCDS
2016-12-11,28108.47,DCDS
2016-12-12,27870.12,DCDS
2016-12-13,27754.41,DCDS
2016-12-14,27922.35,DCDS
2016-12-15,27799.43,DCDS
2016-12-18,27971.05,DCDS
2016-12-19,27868.84,DCDS
2016-12-20,27710.94,DCDS
2016-12-21,27806.35,DCDS
2016-12-22,27653.06,DCDS
2016-12-25,27677.8,DCDS
2016-12-26,27759.5,DCDS
2016-12-27,27860.61,DCDS
2016-12-28,27959.18,DCDS
2016-12-29,27993.4,DCDS
2016-12-31,28148.66,DCDS
2017-01-01,28146.87,DCDS
2017-01-02,28146.87,DCDS
2017-01-03,28146.87,DCDS
2017-01-04,28365.35,DCDS
2017-01-05,28440.24,DCDS
2017-01-06,28441.33,DCDS
2017-01-09,28506.24,DCDS
2017-01-10,28674.42,DCDS
2017-01-11,28696.13,DCDS
2017-01-12,28879.76,DCDS
2017-01-13,28817.91,DCDS
2017-01-16,28731.85,DCDS
2017-01-17,28525.5,DCDS
2017-01-18,28604.33,DCDS
2017-01-19,28556.33,DCDS
2017-01-20,28531.82,DCDS
2017-01-23,28655.0,DCDS
2017-01-24,28658.38,DCDS
2017-01-25,28705.19,DCDS
2017-01-27,28907.61,DCDS
2017-02-02,28903.72,DCDS
2017-02-03,29168.21,DCDS
2017-02-06,29038.17,DCDS
2017-02-07,29058.77,DCDS
2017-02-08,29133.62,DCDS
2017-02-09,29121.57,DCDS
2017-02-10,29163.28,DCDS
2017-02-13,29197.42,DCDS
2017-02-14,29376.6,DCDS
2017-02-15,29414.0,DCDS
2017-02-16,29456.58,DCDS
2017-02-17,29468.55,DCDS
2017-02-20,29320.36,DCDS
2017-02-21,29311.85,DCDS
2017-02-22,29498.89,DCDS
2017-02-23,29449.11,DCDS
2017-02-24,29491.7,DCDS
2017-02-27,29422.8,DCDS
2017-02-28,29621.94,DCDS
2017-03-01,29437.25,DCDS
2017-03-02,29486.64,DCDS
2017-03-03,29520.9,DCDS
2017-03-06,29586.18,DCDS
2017-03-07,29602.88,DCDS
2017-03-08,29646.01,DCDS
2017-03-09,29811.96,DCDS
2017-03-10,29888.43,DCDS
2017-03-13,29806.69,DCDS
2017-03-14,29732.83,DCDS
2017-03-15,29951.03,DCDS
2017-03-16,29884.62,DCDS
2017-03-17,29938.48,DCDS
2017-03-20,29832.83,DCDS
2017-03-21,30079.47,DCDS
2017-03-22,30280.13,DCDS
2017-03-23,30117.4,DCDS
2017-03-24,30295.62,DCDS
2017-03-27,30418.0,DCDS
2017-03-28,30442.63,DCDS
2017-03-29,30389.75,DCDS
2017-03-30,30380.15,DCDS
2017-03-31,30414.17,DCDS
2017-04-03,30427.99,DCDS
2017-04-04,30442.09,DCDS
2017-04-05,30480.84,DCDS
2017-04-07,30387.5,DCDS
2017-04-10,30414.87,DCDS
2017-04-11,30501.67,DCDS
2017-04-12,30583.53,DCDS
2017-04-13,30402.56,DCDS
2017-04-14,30302.08,DCDS
2017-04-17,30025.3,DCDS
2017-04-18,29788.53,DCDS
2017-04-19,29878.79,DCDS
2017-04-20,30121.76,DCDS
2017-04-21,30023.33,DCDS
2017-04-24,30060.18,DCDS
2017-04-25,30038.51,DCDS
2017-04-26,29892.52,DCDS
2017-04-27,30016.89,DCDS
2017-04-28,30198.55,DCDS
2017-05-03,30236.02,DCDS
2017-05-04,30320.35,DCDS
2017-05-05,30555.93,DCDS
2017-05-08,30551.33,DCDS
2017-05-09,30474.87,DCDS
2017-05-10,30655.36,DCDS
2017-05-11,30603.55,DCDS
2017-05-12,30581.46,DCDS
2017-05-15,30626.83,DCDS
2017-05-16,30738.03,DCDS
2017-05-17,30567.21,DCDS
2017-05-18,30752.5,DCDS
2017-05-19,30632.03,DCDS
2017-05-22,30744.23,DCDS
2017-05-23,30999.27,DCDS
2017-05-24,30997.06,DCDS
2017-05-25,31283.78,DCDS
2017-05-26,31193.01,DCDS
2017-05-29,31302.29,DCDS
2017-05-30,31389.67,DCDS
2017-05-31,31155.52,DCDS
2017-06-01,31194.35,DCDS
2017-06-02,31399.76,DCDS
2017-06-05,31387.61,DCDS
2017-06-06,31486.39,DCDS
2017-06-07,31710.18,DCDS
2017-06-08,31822.83,DCDS
2017-06-09,31964.51,DCDS
2017-06-12,31932.81,DCDS
2017-06-13,31811.43,DCDS
2017-06-14,31985.96,DCDS
2017-06-15,32111.3,DCDS
2017-06-16,32130.62,DCDS
2017-06-19,32137.57,DCDS
2017-06-20,32251.26,DCDS
2017-06-21,32308.06,DCDS
2017-06-22,32262.94,DCDS
2017-06-23,32361.98,DCDS
2017-06-26,32558.23,DCDS
2017-06-27,32577.0,DCDS
2017-06-28,32336.53,DCDS
2017-06-29,32466.19,DCDS
2017-06-30,32585.91,DCDS
2017-07-03,32774.24,DCDS
2017-07-04,32756.49,DCDS
2017-07-05,32703.16,DCDS
2017-07-06,32741.83,DCDS
2017-07-07,32844.3,DCDS
2017-07-10,32763.03,DCDS
2017-07-11,32440.08,DCDS
2017-07-12,32444.23,DCDS
2017-07-13,32654.0,DCDS
2017-07-14,32733.56,DCDS
2017-07-17,32554.52,DCDS
2017-07-18,32173.88,DCDS
2017-07-19,32194.92,DCDS
2017-07-20,32162.49,DCDS
2017-07-21,32058.77,DCDS
2017-07-24,31703.4,DCDS
2017-07-25,31766.5,DCDS
2017-07-26,32058.67,DCDS
2017-07-27,32335.65,DCDS
2017-07-28,32263.52,DCDS
2017-07-31,32516.68,DCDS
2017-08-01,32521.18,DCDS
2017-08-02,32598.69,DCDS
2017-08-03,32485.4,DCDS
2017-08-04,32608.5,DCDS
2017-08-07,32804.02,DCDS
2017-08-08,32989.3,DCDS
2017-08-09,32766.79,DCDS
2017-08-10,32336.12,DCDS
2017-08-11,32678.14,DCDS
2017-08-14,32706.16,DCDS
2017-08-15,32953.51,DCDS
2017-08-16,32882.22,DCDS
2017-08-17,32985.55,DCDS
2017-08-18,32740.25,DCDS
2017-08-21,32672.2,DCDS
2017-08-22,32635.14,DCDS
2017-08-23,32441.39,DCDS
2017-08-24,32474.12,DCDS
2017-08-25,32631.07,DCDS
2017-08-28,32649.78,DCDS
2017-08-29,32815.85,DCDS
2017-08-30,32790.49,DCDS
2017-08-31,32930.22,DCDS
2017-09-01,32994.92,DCDS
2017-09-05,33122.33,DCDS
2017-09-06,33138.49,DCDS
2017-09-07,33177.12,DCDS
2017-09-08,33214.76,DCDS
2017-09-11,33243.12,DCDS
2017-09-12,33021.69,DCDS
2017-09-13,33192.91,DCDS
2017-09-14,33566.32,DCDS
2017-09-15,33534.73,DCDS
2017-09-18,33564.98,DCDS
2017-09-19,33649.01,DCDS
2017-09-20,33683.06,DCDS
2017-09-21,33787.85,DCDS
2017-09-22,33827.54,DCDS
2017-09-25,34074.72,DCDS
2017-09-26,34129.03,DCDS
2017-09-27,34201.07,DCDS
2017-09-28,33969.64,DCDS
2017-09-29,34075.98,DCDS
2017-10-02,34215.69,DCDS
2017-10-03,34165.18,DCDS
2017-10-04,34042.3,DCDS
2017-10-05,34507.35,DCDS
2017-10-06,34344.5,DCDS
2017-10-09,34494.81,DCDS
2017-10-10,34662.32,DCDS
2017-10-11,34961.96,DCDS
2017-10-12,35024.02,DCDS
2017-10-13,35104.95,DCDS
2017-10-16,35308.13,DCDS
2017-10-17,35391.42,DCDS
2017-10-18,35633.38,DCDS
2017-10-19,35490.56,DCDS
2017-10-20,35533.9,DCDS
2017-10-23,35175.77,DCDS
2017-10-24,34792.37,DCDS
2017-10-25,34994.41,DCDS
2017-10-26,35248.07,DCDS
2017-10-27,35107.89,DCDS
2017-10-30,35279.82,DCDS
2017-10-31,35197.61,DCDS
2017-11-01,35069.14,DCDS
2017-11-02,35039.82,DCDS
2017-11-03,34382.72,DCDS
2017-11-06,34778.38,DCDS
2017-11-07,35137.69,DCDS
2017-11-08,35120.59,DCDS
2017-11-09,35626.1,DCDS
2017-11-10,35804.96,DCDS
2017-11-13,36198.8,DCDS
2017-11-14,36563.92,DCDS
2017-11-15,36851.94,DCDS
2017-11-16,37018.68,DCDS
2017-11-17,37395.54,DCDS
2017-11-20,37262.13,DCDS
2017-11-21,37600.08,DCDS
2017-11-22,37709.9,DCDS
2017-11-23,38151.59,DCDS
2017-11-24,38292.65,DCDS
2017-11-27,38478.37,DCDS
2017-11-28,38372.81,DCDS
2017-11-29,38478.07,DCDS
2017-11-30,38983.74,DCDS
2017-12-01,39133.5,DCDS
2017-12-04,39387.2,DCDS
2017-12-05,39753.69,DCDS
2017-12-06,39028.64,DCDS
2017-12-07,38847.32,DCDS
2017-12-08,39041.05,DCDS
2017-12-11,38879.85,DCDS
2017-12-12,38301.56,DCDS
2017-12-13,38387.2,DCDS
2017-12-14,38229.54,DCDS
2017-12-15,38766.28,DCDS
2017-12-18,39204.23,DCDS
2017-12-19,39612.9,DCDS
2017-12-20,39485.73,DCDS
2017-12-21,39425.58,DCDS
2017-12-22,39269.09,DCDS
2017-12-25,39684.5,DCDS
2017-12-26,39663.93,DCDS
2017-12-27,39833.3,DCDS
2017-12-28,39936.23,DCDS
2017-12-29,40334.81,DCDS
2018-01-01,40770.18,DCDS
2018-01-02,40768.7,DCDS
2018-01-03,41429.32,DCDS
2018-01-04,41533.55,DCDS
2018-01-05,41962.73,DCDS
2018-01-08,42075.96,DCDS
2018-01-09,42495.63,DCDS
2018-01-10,42833.37,DCDS
2018-01-11,42913.7,DCDS
2018-01-12,42926.38,DCDS
2018-01-15,42842.66,DCDS
2018-01-16,43181.96,DCDS
2018-01-17,43220.19,DCDS
2018-01-18,42408.05,DCDS
2018-01-19,42841.74,DCDS
2018-01-22,43288.05,DCDS
2018-01-23,44123.17,DCDS
2018-01-24,44315.76,DCDS
2018-01-25,44290.52,DCDS
2018-01-26,44840.82,DCDS
2018-01-29,44984.03,DCDS
2018-01-30,44680.67,DCDS
2018-01-31,44947.73,DCDS
2018-02-01,44872.67,DCDS
2018-02-02,44599.11,DCDS
2018-02-05,44783.01,DCDS
2018-02-06,43024.23,DCDS
2018-02-07,41722.22,DCDS
2018-02-08,42936.0,DCDS
2018-02-09,42485.69,DCDS
2018-02-12,42207.24,DCDS
2018-02-13,43382.85,DCDS
2018-02-16,44166.36,DCDS
2018-02-21,44157.54,DCDS
2018-02-22,44881.73,DCDS
2018-02-23,44391.29,DCDS
2018-02-26,45124.68,DCDS
2018-02-27,45146.83,DCDS
2018-02-28,45495.29,DCDS
2018-03-01,45717.84,DCDS
2018-03-02,45728.96,DCDS
2018-03-05,46097.62,DCDS
2018-03-06,45171.94,DCDS
2018-03-07,46186.47,DCDS
2018-03-08,45751.0,DCDS
2018-03-09,46231.94,DCDS
2018-03-12,46304.92,DCDS
2018-03-13,46391.1,DCDS
2018-03-14,46556.4,DCDS
2018-03-15,46627.92,DCDS
2018-03-16,46527.58,DCDS
2018-03-19,47051.61,DCDS
2018-03-20,47377.65,DCDS
2018-03-21,47600.29,DCDS
2018-03-22,47675.55,DCDS
2018-03-23,47664.94,DCDS
2018-03-26,47002.43,DCDS
2018-03-27,47619.65,DCDS
2018-03-28,47833.01,DCDS
2018-03-29,47917.01,DCDS
2018-03-30,47868.68,DCDS
2018-04-01,48260.36,DCDS
2018-04-02,48258.35,DCDS
2018-04-03,48984.85,DCDS
2018-04-04,48678.67,DCDS
2018-04-05,48825.42,DCDS
2018-04-06,48962.75,DCDS
2018-04-09,49162.07,DCDS
2018-04-10,49328.49,DCDS
2018-04-11,49190.14,DCDS
2018-04-12,48183.1,DCDS
2018-04-13,48446.54,DCDS
2018-04-16,47899.96,DCDS
2018-04-17,47647.52,DCDS
2018-04-18,47802.79,DCDS
2018-04-19,47332.24,DCDS
2018-04-20,45944.72,DCDS
2018-04-23,46688.42,DCDS
2018-04-24,45119.73,DCDS
2018-04-26,45027.49,DCDS
2018-04-27,43658.66,DCDS
2018-05-01,44194.98,DCDS
2018-05-02,44193.17,DCDS
2018-05-03,43649.62,DCDS
2018-05-04,43733.78,DCDS
2018-05-07,43699.39,DCDS
2018-05-08,45062.58,DCDS
2018-05-09,44756.15,DCDS
2018-05-10,44423.94,DCDS
2018-05-11,43449.77,DCDS
2018-05-14,44058.49,DCDS
2018-05-15,44427.64,DCDS
2018-05-16,44507.02,DCDS
2018-05-17,43818.7,DCDS
2018-05-18,43240.46,DCDS
2018-05-21,43422.01,DCDS
2018-05-22,42912.22,DCDS
2018-05-23,41867.17,DCDS
2018-05-24,42056.03,DCDS
2018-05-25,41811.92,DCDS
2018-05-28,41043.86,DCDS
2018-05-29,39406.08,DCDS
2018-05-30,40385.73,DCDS
2018-05-31,40331.49,DCDS
2018-06-01,41256.12,DCDS
2018-06-04,41971.9,DCDS
2018-06-05,42507.28,DCDS
2018-06-06,42695.9,DCDS
2018-06-07,43220.17,DCDS
2018-06-08,43392.38,DCDS
2018-06-11,43738.09,DCDS
2018-06-12,43874.51,DCDS
2018-06-13,43129.62,DCDS
2018-06-14,43296.05,DCDS
2018-06-15,42806.42,DCDS
2018-06-18,42922.4,DCDS
2018-06-19,41573.67,DCDS
2018-06-20,40413.3,DCDS
2018-06-21,41186.79,DCDS
2018-06-22,40789.24,DCDS
2018-06-25,41448.47,DCDS
2018-06-26,41579.54,DCDS
2018-06-27,41256.74,DCDS
2018-06-28,40583.39,DCDS
2018-06-29,39819.95,DCDS
2018-07-01,39670.84,DCDS
2018-07-02,39670.18,DCDS
2018-07-03,38784.51,DCDS
2018-07-04,37339.3,DCDS
2018-07-05,37842.75,DCDS
2018-07-06,37328.07,DCDS
2018-07-09,38271.74,DCDS
2018-07-10,38038.58,DCDS
2018-07-11,38128.96,DCDS
2018-07-12,37179.02,DCDS
2018-07-13,37370.5,DCDS
2018-07-16,37948.65,DCDS
2018-07-17,38166.39,DCDS
2018-07-18,38742.17,DCDS
2018-07-19,39365.83,DCDS
2018-07-20,39329.94,DCDS
2018-07-23,39281.47,DCDS
2018-07-24,38965.03,DCDS
2018-07-25,38651.2,DCDS
2018-07-26,38374.83,DCDS
2018-07-27,38432.64,DCDS
2018-07-30,38841.25,DCDS
2018-07-31,39306.14,DCDS
2018-08-01,39470.73,DCDS
2018-08-02,39243.59,DCDS
2018-08-03,39320.43,DCDS
2018-08-06,39314.05,DCDS
2018-08-07,39146.13,DCDS
2018-08-08,39068.45,DCDS
2018-08-09,39393.01,DCDS
2018-08-10,39509.86,DCDS
2018-08-13,39639.27,DCDS
2018-08-14,40001.92,DCDS
2018-08-15,40119.96,DCDS
2018-08-16,39517.84,DCDS
2018-08-17,39633.12,DCDS
2018-08-20,39585.51,DCDS
2018-08-21,39552.07,DCDS
2018-08-22,40027.66,DCDS
2018-08-23,40083.41,DCDS
2018-08-24,40118.87,DCDS
2018-08-27,40166.88,DCDS
2018-08-28,40314.89,DCDS
2018-08-29,40439.42,DCDS
2018-08-30,40358.99,DCDS
2018-08-31,40678.26,DCDS
2018-09-01,40386.64,DCDS
2018-09-04,40385.24,DCDS
2018-09-05,39814.89,DCDS
2018-09-06,39511.34,DCDS
2018-09-07,39216.1,DCDS
2018-09-10,39678.26,DCDS
2018-09-11,39556.3,DCDS
2018-09-12,39970.8,DCDS
2018-09-13,39922.3,DCDS
2018-09-14,40059.01,DCDS
2018-09-17,40214.31,DCDS
2018-09-18,40035.19,DCDS
2018-09-19,40250.28,DCDS
2018-09-20,40440.99,DCDS
2018-09-21,40832.73,DCDS
2018-09-24,41184.54,DCDS
2018-09-25,41297.97,DCDS
2018-09-26,41224.52,DCDS
2018-09-27,41186.25,DCDS
2018-09-28,41449.71,DCDS
2018-10-01,41558.24,DCDS
2018-10-02,41347.88,DCDS
2018-10-03,41312.26,DCDS
2018-10-04,41490.0,DCDS
2018-10-05,41758.8,DCDS
2018-10-08,41329.31,DCDS
2018-10-09,41131.86,DCDS
2018-10-10,41173.34,DCDS
2018-10-11,41171.75,DCDS
2018-10-12,39222.87,DCDS
2018-10-15,40060.37,DCDS
2018-10-16,39387.25,DCDS
2018-10-17,39713.37,DCDS
2018-10-18,39980.54,DCDS
2018-10-19,39687.52,DCDS
2018-10-22,39529.45,DCDS
2018-10-23,39221.16,DCDS
2018-10-24,38441.6,DCDS
2018-10-25,37751.0,DCDS
2018-10-26,37252.45,DCDS
2018-10-29,36720.74,DCDS
2018-10-30,36212.83,DCDS
2018-10-31,36354.02,DCDS
2018-11-01,37522.71,DCDS
2018-11-02,37136.13,DCDS
2018-11-05,37830.19,DCDS
2018-11-06,37806.15,DCDS
2018-11-07,37544.49,DCDS
2018-11-08,37489.11,DCDS
2018-11-09,37515.39,DCDS
2018-11-12,36849.59,DCDS
2018-11-13,37085.7,DCDS
2018-11-14,36606.54,DCDS
2018-11-15,36365.73,DCDS
2018-11-16,36197.06,DCDS
2018-11-19,36473.68,DCDS
2018-11-20,37083.18,DCDS
2018-11-21,37140.41,DCDS
2018-11-22,37260.52,DCDS
2018-11-23,37367.18,DCDS
2018-11-26,37010.14,DCDS
2018-11-27,37072.16,DCDS
2018-11-28,37007.06,DCDS
2018-11-29,37247.55,DCDS
2018-11-30,37042.88,DCDS
2018-12-01,37044.63,DCDS
2018-12-03,37044.21,DCDS
2018-12-04,38093.41,DCDS
2018-12-05,38214.95,DCDS
2018-12-06,38247.12,DCDS
2018-12-07,38155.41,DCDS
2018-12-10,38335.72,DCDS
2018-12-11,38086.62,DCDS
2018-12-12,38059.27,DCDS
2018-12-13,38428.34,DCDS
2018-12-14,38390.69,DCDS
2018-12-17,38067.37,DCDS
2018-12-18,37393.63,DCDS
2018-12-19,37465.48,DCDS
2018-12-20,37293.35,DCDS
2018-12-21,37257.11,DCDS
2018-12-24,37106.32,DCDS
2018-12-25,36932.82,DCDS
2018-12-26,36529.98,DCDS
2018-12-27,36423.11,DCDS
2018-12-28,36847.31,DCDS
2019-01-01,36842.79,DCDS
2019-01-02,36842.7,DCDS
2019-01-03,36481.41,DCDS
2019-01-04,35866.3,DCDS
2019-01-07,35960.98,DCDS
2019-01-08,36233.57,DCDS
2019-01-09,36102.06,DCDS
2019-01-10,36464.59,DCDS
2019-01-11,36472.72,DCDS
2019-01-14,36473.39,DCDS
2019-01-15,36406.02,DCDS
2019-01-16,36682.59,DCDS
2019-01-17,36945.08,DCDS
2019-01-18,36762.22,DCDS
2019-01-21,36721.29,DCDS
2019-01-22,36929.5,DCDS
2019-01-23,36731.38,DCDS
2019-01-24,36720.42,DCDS
2019-01-25,36765.84,DCDS
2019-01-28,36766.04,DCDS
2019-01-29,36830.07,DCDS
2019-01-30,37016.91,DCDS
2019-01-31,36958.62,DCDS
2019-02-01,36859.69,DCDS
2019-02-11,36855.14,DCDS
2019-02-12,37419.66,DCDS
2019-02-13,37600.13,DCDS
2019-02-14,37876.99,DCDS
2019-02-15,37901.02,DCDS
2019-02-18,37933.74,DCDS
2019-02-19,38186.39,DCDS
2019-02-20,38241.36,DCDS
2019-02-21,38446.32,DCDS
2019-02-22,38827.15,DCDS
2019-02-25,38977.75,DCDS
2019-02-26,39197.41,DCDS
2019-02-27,38930.74,DCDS
2019-02-28,38903.52,DCDS
2019-03-01,38209.93,DCDS
2019-03-04,38630.75,DCDS
2019-03-05,39135.51,DCDS
2019-03-06,38995.91,DCDS
2019-03-07,39036.76,DCDS
2019-03-08,39020.29,DCDS
2019-03-11,38721.18,DCDS
2019-03-12,38731.58,DCDS
2019-03-13,39279.55,DCDS
2019-03-14,39492.31,DCDS
2019-03-15,39571.3,DCDS
2019-03-18,39404.29,DCDS
2019-03-19,39610.91,DCDS
2019-03-20,39400.66,DCDS
2019-03-21,39240.89,DCDS
2019-03-22,38692.63,DCDS
2019-03-25,38858.74,DCDS
2019-03-26,38156.31,DCDS
2019-03-27,38207.27,DCDS
2019-03-28,38437.67,DCDS
2019-03-29,38615.0,DCDS
2019-04-01,38584.84,DCDS
2019-04-02,38723.12,DCDS
2019-04-03,38651.9,DCDS
2019-04-04,38621.05,DCDS
2019-04-05,38739.56,DCDS
2019-04-08,38798.38,DCDS
2019-04-09,39017.06,DCDS
2019-04-10,38798.16,DCDS
2019-04-11,38489.24,DCDS
2019-04-12,38543.86,DCDS
2019-04-16,38531.33,DCDS
2019-04-17,38276.8,DCDS
2019-04-18,38226.27,DCDS
2019-04-19,37976.7,DCDS
2019-04-22,38079.03,DCDS
2019-04-23,38026.14,DCDS
2019-04-24,38058.15,DCDS
2019-04-25,38410.19,DCDS
2019-04-26,38347.56,DCDS
2019-05-01,38596.31,DCDS
2019-05-02,38595.99,DCDS
2019-05-03,38652.74,DCDS
2019-05-06,38590.31,DCDS
2019-05-07,37938.89,DCDS
2019-05-08,38057.25,DCDS
2019-05-09,37798.76,DCDS
2019-05-10,37620.09,DCDS
2019-05-13,37719.17,DCDS
2019-05-14,37895.9,DCDS
2019-05-15,38012.98,DCDS
2019-05-16,38380.44,DCDS
2019-05-17,38276.69,DCDS
2019-05-20,38257.91,DCDS
2019-05-21,38728.32,DCDS
2019-05-22,38738.11,DCDS
2019-05-23,38713.33,DCDS
2019-05-24,38823.7,DCDS
2019-05-27,38474.89,DCDS
2019-05-28,38468.84,DCDS
2019-05-29,38469.09,DCDS
2019-05-30,38359.68,DCDS
2019-05-31,38290.07,DCDS
2019-06-01,37916.36,DCDS
2019-06-03,37915.71,DCDS
2019-06-04,37423.27,DCDS
2019-06-05,37584.27,DCDS
2019-06-06,37628.82,DCDS
2019-06-07,37538.9,DCDS
2019-06-10,37962.01,DCDS
2019-06-11,38040.69,DCDS
2019-06-12,38105.08,DCDS
2019-06-13,37907.27,DCDS
2019-06-14,37702.0,DCDS
2019-06-17,37789.53,DCDS
2019-06-18,37518.34,DCDS
2019-06-19,37513.38,DCDS
2019-06-20,37727.7,DCDS
2019-06-21,38147.37,DCDS
2019-06-24,38196.98,DCDS
2019-06-25,38195.74,DCDS
2019-06-26,38125.36,DCDS
2019-06-27,38087.29,DCDS
2019-06-28,37633.45,DCDS
2019-07-01,38001.51,DCDS
2019-07-02,38422.02,DCDS
2019-07-03,38354.51,DCDS
2019-07-04,38246.57,DCDS
2019-07-05,38596.87,DCDS
2019-07-08,38634.9,DCDS
2019-07-09,38275.33,DCDS
2019-07-10,38464.04,DCDS
2019-07-11,38580.87,DCDS
2019-07-12,38741.2,DCDS
2019-07-15,38709.55,DCDS
2019-07-16,38816.63,DCDS
2019-07-17,39111.36,DCDS
2019-07-18,39136.8,DCDS
2019-07-19,39099.56,DCDS
2019-07-22,39433.34,DCDS
2019-07-23,39606.97,DCDS
2019-07-24,39890.68,DCDS
2019-07-25,39698.94,DCDS
2019-07-26,39885.03,DCDS
2019-07-29,39860.22,DCDS
2019-07-30,39905.69,DCDS
2019-07-31,39411.69,DCDS
2019-08-01,39771.45,DCDS
2019-08-02,40065.49,DCDS
2019-08-05,40033.41,DCDS
2019-08-06,39729.93,DCDS
2019-08-07,39589.05,DCDS
2019-08-08,39785.1,DCDS
2019-08-09,39953.88,DCDS
2019-08-12,40064.82,DCDS
2019-08-13,40259.1,DCDS
2019-08-14,40123.24,DCDS
2019-08-15,40167.52,DCDS
2019-08-16,40509.05,DCDS
2019-08-19,40440.77,DCDS
2019-08-20,40507.79,DCDS
2019-08-21,40811.96,DCDS
2019-08-22,41041.2,DCDS
2019-08-23,40926.72,DCDS
2019-08-26,40818.72,DCDS
2019-08-27,40654.58,DCDS
2019-08-28,40386.12,DCDS
2019-08-29,40277.82,DCDS
2019-08-30,40419.23,DCDS
2019-09-01,40570.26,DCDS
2019-09-03,40568.93,DCDS
2019-09-04,40332.15,DCDS
2019-09-05,40336.43,DCDS
2019-09-06,40175.31,DCDS
2019-09-09,40122.3,DCDS
2019-09-10,40003.62,DCDS
2019-09-11,39731.68,DCDS
2019-09-12,39870.88,DCDS
2019-09-13,40286.62,DCDS
2019-09-16,40877.4,DCDS
2019-09-17,41095.67,DCDS
2019-09-18,41309.64,DCDS
2019-09-19,41216.85,DCDS
2019-09-20,41450.22,DCDS
2019-09-23,41340.85,DCDS
2019-09-24,41015.01,DCDS
2019-09-25,40994.2,DCDS
2019-09-26,41171.17,DCDS
2019-09-27,41321.76,DCDS
2019-09-30,41637.65,DCDS
2019-10-01,41447.91,DCDS
2019-10-02,41675.79,DCDS
2019-10-03,41391.0,DCDS
2019-10-04,41450.97,DCDS
2019-10-07,41171.16,DCDS
2019-10-08,40813.61,DCDS
2019-10-09,41106.14,DCDS
2019-10-10,41156.04,DCDS
2019-10-11,41190.88,DCDS
2019-10-14,41260.08,DCDS
2019-10-15,41445.39,DCDS
2019-10-16,41466.18,DCDS
2019-10-17,41520.9,DCDS
2019-10-18,41348.35,DCDS
2019-10-21,41346.19,DCDS
2019-10-22,41096.18,DCDS
2019-10-23,41253.0,DCDS
2019-10-24,41284.19,DCDS
2019-10-25,41736.73,DCDS
2019-10-28,41821.2,DCDS
2019-10-29,41822.9,DCDS
2019-10-30,41693.83,DCDS
2019-10-31,41696.79,DCDS
2019-11-01,41652.06,DCDS
2019-11-04,42018.45,DCDS
2019-11-05,42457.29,DCDS
2019-11-06,42482.5,DCDS
2019-11-07,42482.78,DCDS
2019-11-08,42537.25,DCDS
2019-11-11,42469.08,DCDS
2019-11-12,42280.6,DCDS
2019-11-13,42361.57,DCDS
2019-11-14,42133.43,DCDS
2019-11-15,41834.88,DCDS
2019-11-18,41836.13,DCDS
2019-11-19,41510.34,DCDS
2019-11-20,41820.02,DCDS
2019-11-21,41524.38,DCDS
2019-11-22,41048.53,DCDS
2019-11-25,40634.89,DCDS
2019-11-26,40606.14,DCDS
2019-11-27,40756.71,DCDS
2019-11-28,40760.02,DCDS
2019-11-29,40279.89,DCDS
2019-12-01,40319.66,DCDS
2019-12-02,40318.7,DCDS
2019-12-03,39782.44,DCDS
2019-12-04,39660.26,DCDS
2019-12-05,40266.69,DCDS
2019-12-06,40057.68,DCDS
2019-12-09,40075.07,DCDS
2019-12-10,40112.66,DCDS
2019-12-11,40006.63,DCDS
2019-12-12,40237.39,DCDS
2019-12-13,40475.31,DCDS
2019-12-16,40489.24,DCDS
2019-12-17,40466.69,DCDS
2019-12-18,40109.75,DCDS
2019-12-19,39930.29,DCDS
2019-12-20,40001.51,DCDS
2019-12-23,40202.71,DCDS
2019-12-24,40383.69,DCDS
2019-12-25,40386.48,DCDS
2019-12-26,40623.84,DCDS
2019-12-27,40532.94,DCDS
2019-12-30,40746.54,DCDS
2019-12-31,40895.76,DCDS
2020-01-01,40750.14,DCDS
2020-01-02,40749.71,DCDS
2020-01-03,41030.86,DCDS
2020-01-04,51858.31,DCDS
2020-01-05,52429.64,DCDS
2020-01-06,40870.29,DCDS
2020-01-07,40467.56,DCDS
2020-01-08,40692.84,DCDS
2020-01-09,40209.64,DCDS
2020-01-10,40703.68,DCDS
2020-01-13,40982.55,DCDS
2020-01-14,40848.37,DCDS
2020-01-15,40948.61,DCDS
2020-01-16,40956.77,DCDS
2020-01-17,41298.5,DCDS
2020-01-20,41442.16,DCDS
2020-01-21,41738.34,DCDS
2020-01-22,41888.9,DCDS
2020-01-30,42117.82,DCDS
2020-01-31,40901.7,DCDS
2020-02-01,39955.12,DCDS
2020-02-03,39954.12,DCDS
2020-02-04,39676.46,DCDS
2020-02-05,39793.12,DCDS
2020-02-06,39779.92,DCDS
2020-02-07,40407.53,DCDS
2020-02-10,40307.46,DCDS
2020-02-11,39804.46,DCDS
2020-02-12,40028.66,DCDS
2020-02-13,40425.4,DCDS
2020-02-14,40426.99,DCDS
2020-02-17,40468.01,DCDS
2020-02-18,40454.49,DCDS
2020-02-19,40607.53,DCDS
2020-02-20,40741.26,DCDS
2020-02-21,40952.86,DCDS
2020-02-24,40661.05,DCDS
2020-02-25,39292.75,DCDS
2020-02-26,39817.19,DCDS
2020-02-27,39511.28,DCDS
2020-02-28,39829.38,DCDS
2020-03-01,39231.04,DCDS
2020-03-02,39230.4,DCDS
2020-03-03,39342.68,DCDS
2020-03-04,39618.2,DCDS
2020-03-05,39515.79,DCDS
2020-03-06,39522.26,DCDS
2020-03-09,39333.57,DCDS
2020-03-10,37063.91,DCDS
2020-03-11,37168.84,DCDS
2020-03-12,35956.56,DCDS
2020-03-13,34154.75,DCDS
2020-03-16,33816.57,DCDS
2020-03-17,32986.94,DCDS
2020-03-18,33193.31,DCDS
2020-03-19,33299.35,DCDS
2020-03-20,32555.57,DCDS
2020-03-23,32237.23,DCDS
2020-03-24,30578.52,DCDS
2020-03-25,30381.69,DCDS
2020-03-26,31416.3,DCDS
2020-03-27,31139.19,DCDS
2020-03-30,30824.98,DCDS
2020-03-31,29779.52,DCDS
2020-04-01,29764.94,DCDS
2020-04-03,30470.51,DCDS
2020-04-06,31303.93,DCDS
2020-04-07,32622.84,DCDS
2020-04-08,33052.65,DCDS
2020-04-09,33046.54,DCDS
2020-04-10,33305.29,DCDS
2020-04-13,33097.37,DCDS
2020-04-14,33435.83,DCDS
2020-04-15,33641.76,DCDS
2020-04-16,34103.52,DCDS
2020-04-17,34185.6,DCDS
2020-04-20,34685.57,DCDS
2020-04-21,34927.11,DCDS
2020-04-22,33786.57,DCDS
2020-04-23,34224.95,DCDS
2020-04-24,34342.14,DCDS
2020-04-27,34429.33,DCDS
2020-04-28,34349.0,DCDS
2020-04-29,34241.51,DCDS
2020-05-01,34371.99,DCDS
2020-05-04,34371.79,DCDS
2020-05-05,34029.55,DCDS
2020-05-06,34154.47,DCDS
2020-05-07,34756.97,DCDS
2020-05-08,35274.91,DCDS
2020-05-11,35761.53,DCDS
2020-05-12,36291.34,DCDS
2020-05-13,36551.91,DCDS
2020-05-14,36774.76,DCDS
2020-05-15,36501.17,DCDS
2020-05-18,36216.27,DCDS
2020-05-19,36825.41,DCDS
2020-05-20,37286.6,DCDS
2020-05-21,37428.78,DCDS
2020-05-22,37682.07,DCDS
2020-05-25,37319.04,DCDS
2020-05-26,37770.66,DCDS
2020-05-27,38275.8,DCDS
2020-05-28,37552.51,DCDS
2020-05-29,37754.58,DCDS
2020-06-01,37922.07,DCDS
2020-06-02,38680.07,DCDS
2020-06-03,38329.14,DCDS
2020-06-04,38782.59,DCDS
2020-06-05,38826.46,DCDS
2020-06-08,39019.58,DCDS
2020-06-09,39638.4,DCDS
2020-06-10,39424.39,DCDS
2020-06-11,39519.35,DCDS
2020-06-12,37920.83,DCDS
2020-06-15,38023.05,DCDS
2020-06-16,36687.44,DCDS
2020-06-17,37566.0,DCDS
2020-06-18,37501.8,DCDS
2020-06-19,37643.46,DCDS
2020-06-22,38097.85,DCDS
2020-06-23,38210.69,DCDS
2020-06-24,38084.7,DCDS
2020-06-25,37750.18,DCDS
2020-06-26,37565.21,DCDS
2020-06-29,37512.88,DCDS
2020-06-30,36617.64,DCDS
2020-07-01,36401.9,DCDS
2020-07-02,37145.43,DCDS
2020-07-02,37167.51,DCDS
2020-07-06,37183.05,DCDS
2020-07-07,37631.18,DCDS
2020-07-08,37803.79,DCDS
2020-07-09,37866.39,DCDS
2020-07-10,38353.77,DCDS
2020-07-13,38089.46,DCDS
2020-07-14,38046.41,DCDS
2020-07-15,38115.31,DCDS
2020-07-16,38286.14,DCDS
2020-07-17,38462.82,DCDS
2020-07-20,38424.85,DCDS
2020-07-21,38120.65,DCDS
2020-07-22,38229.39,DCDS
2020-07-23,37972.2,DCDS
2020-07-24,38101.98,DCDS
2020-07-27,36892.89,DCDS
2020-07-28,35084.76,DCDS
2020-07-29,36363.44,DCDS
2020-07-30,35569.99,DCDS
2020-07-31,35961.48,DCDS
2020-08-01,35644.49,DCDS
2020-08-03,35642.94,DCDS
2020-08-04,36515.14,DCDS
2020-08-05,37037.24,DCDS
2020-08-06,37614.27,DCDS
2020-08-07,37639.24,DCDS
2020-08-10,37721.81,DCDS
2020-08-11,37821.16,DCDS
2020-08-12,37886.21,DCDS
2020-08-13,38017.63,DCDS
2020-08-14,38434.95,DCDS
2020-08-17,38308.54,DCDS
2020-08-18,38332.42,DCDS
2020-08-19,38180.23,DCDS
2020-08-20,38420.05,DCDS
2020-08-21,38401.63,DCDS
2020-08-24,38756.29,DCDS
2020-08-25,39249.47,DCDS
2020-08-26,39472.13,DCDS
2020-08-27,39384.93,DCDS
2020-08-28,39602.78,DCDS
2020-08-31,39806.96,DCDS
2020-09-01,39654.14,DCDS
2020-09-03,39949.55,DCDS
2020-09-04,40289.87,DCDS
2020-09-07,40220.79,DCDS
2020-09-08,39533.22,DCDS
2020-09-09,39764.91,DCDS
2020-09-10,39799.33,DCDS
2020-09-11,39847.54,DCDS
2020-09-14,39824.51,DCDS
2020-09-15,40001.34,DCDS
2020-09-16,40096.45,DCDS
2020-09-17,40183.05,DCDS
2020-09-18,40103.79,DCDS
2020-09-21,40440.71,DCDS
2020-09-22,40658.04,DCDS
2020-09-23,40682.15,DCDS
2020-09-24,41033.73,DCDS
2020-09-25,40867.79,DCDS
2020-09-28,40836.14,DCDS
2020-09-29,41111.16,DCDS
2020-09-30,40794.46,DCDS
2020-10-01,40900.53,DCDS
2020-10-02,41243.6,DCDS
2020-10-05,41019.09,DCDS
2020-10-06,41353.83,DCDS
2020-10-07,41567.98,DCDS
2020-10-08,41559.06,DCDS
2020-10-09,41566.05,DCDS
2020-10-12,41602.9,DCDS
2020-10-13,41527.41,DCDS
2020-10-14,41561.0,DCDS
2020-10-15,42026.92,DCDS
2020-10-16,42133.78,DCDS
2020-10-19,42390.95,DCDS
2020-10-20,42431.03,DCDS
2020-10-21,42602.84,DCDS
2020-10-22,42370.28,DCDS
2020-10-23,42825.51,DCDS
2020-10-26,43260.57,DCDS
2020-10-27,42892.6,DCDS
2020-10-28,42717.71,DCDS
2020-10-29,41632.81,DCDS
2020-10-30,41509.84,DCDS
2020-11-02,41763.13,DCDS
2020-11-02,41763.13,DCDS
2020-11-03,42207.23,DCDS
2020-11-03,42207.23,DCDS
2020-11-04,42422.26,DCDS
2020-11-04,42422.26,DCDS
2020-11-05,42557.89,DCDS
2020-11-05,42806.45,DCDS
2020-11-06,42557.89,DCDS
2020-11-08,42614.43,DCDS
2020-11-09,43284.23,DCDS
2020-11-09,42614.43,DCDS
2020-11-10,43255.07,DCDS
2020-11-10,43284.23,DCDS
2020-11-11,43374.63,DCDS
2020-11-11,43255.07,DCDS
2020-11-12,43815.31,DCDS
2020-11-12,43374.63,DCDS
2020-11-15,44272.54,DCDS
2020-11-16,43979.4,DCDS
2020-11-17,44802.48,DCDS
2020-11-18,45102.37,DCDS
2020-11-19,45670.87,DCDS
2020-11-22,46021.75,DCDS
2020-11-23,46424.68,DCDS
2020-11-24,46303.44,DCDS
2020-11-25,46218.1,DCDS
2020-11-26,46286.34,DCDS
2020-11-29,46707.04,DCDS
2020-11-30,46539.94,DCDS
2020-12-01,46753.86,DCDS
2020-12-02,47080.63,DCDS
2020-12-03,47636.92,DCDS
2020-12-06,47672.46,DCDS
2020-12-07,47883.07,DCDS
2020-12-08,47889.22,DCDS
2020-12-09,48279.98,DCDS
2020-12-10,47645.08,DCDS
2020-12-13,48204.46,DCDS
2020-12-14,48906.84,DCDS
2020-12-16,49674.01,DCDS
2020-12-17,49205.44,DCDS
2020-12-20,49908.91,DCDS
2020-12-21,50247.84,DCDS
2020-12-22,50641.88,DCDS
2020-12-23,50200.57,DCDS
2020-12-24,49569.28,DCDS
2020-12-27,50394.82,DCDS
2020-12-28,50480.11,DCDS
2020-12-29,50636.23,DCDS
2020-12-30,50539.17,DCDS
2021-01-06,52856.94,DCDS
2021-01-07,53401.91,DCDS
2021-01-10,53892.11,DCDS
2021-01-11,54590.58,DCDS
2021-01-12,54973.39,DCDS
2021-01-13,54736.45,DCDS
2021-01-14,54736.45,DCDS
2021-01-15,54854.06,DCDS
2021-01-17,55310.58,DCDS
2021-01-18,55045.93,DCDS
2021-01-19,52675.76,DCDS
2021-01-21,54390.63,DCDS
2021-01-24,54733.58,DCDS
2021-01-25,54968.63,DCDS
2021-01-26,53980.24,DCDS
2021-01-27,52161.27,DCDS
2021-01-28,48674.83,DCDS
2021-01-31,50529.58,DCDS
2021-02-01,49302.93,DCDS
2021-02-02,50877.9,DCDS
2021-02-03,52399.17,DCDS
2021-02-04,52686.57,DCDS
2021-02-07,53357.25,DCDS
2021-02-08,51781.63,DCDS
2021-02-16,52904.89,DCDS
2021-02-17,54811.59,DCDS
2021-02-18,55441.56,DCDS
2021-02-21,55213.99,DCDS
2021-02-22,55154.69,DCDS
2021-02-24,54660.33,DCDS
2021-02-25,54949.67,DCDS
2021-02-28,55241.34,DCDS
2021-03-01,55978.08,DCDS
2021-03-02,56079.72,DCDS
2021-03-03,56311.19,DCDS
2021-03-04,55407.1,DCDS
2021-03-07,55400.64,DCDS
2021-03-08,55432.11,DCDS
2021-03-09,55168.67,DCDS
2021-03-10,55570.51,DCDS
2021-03-11,56292.92,DCDS
2021-03-15,56315.47,DCDS
2021-03-16,56251.11,DCDS
2021-03-17,56432.96,DCDS
2021-03-18,56933.46,DCDS
2021-03-21,56662.59,DCDS
2021-03-23,55918.89,DCDS
2021-03-24,54882.94,DCDS
2021-03-25,54772.87,DCDS
2021-03-28,54882.9,DCDS
2021-03-29,55275.64,DCDS
2021-03-31,55857.15,DCDS
2021-04-01,56927.47,DCDS
2021-04-04,57324.6,DCDS
2021-04-05,57613.77,DCDS
2021-04-07,57810.02,DCDS
2021-04-08,57597.32,DCDS
2021-04-11,57563.41,DCDS
2021-04-12,58331.34,DCDS
2021-04-13,57634.66,DCDS
2021-04-14,58529.81,DCDS
2021-04-15,58287.81,DCDS
2021-04-18,58012.97,DCDS
2021-04-19,59297.25,DCDS
2021-04-20,59297.25,DCDS
2021-04-21,59352.09,DCDS
2021-04-22,59352.09,DCDS
2021-04-25,58996.84,DCDS
2021-04-27,58203.18,DCDS
2021-04-28,58558.61,DCDS
2021-05-04,59894.95,DCDS
2021-05-06,60463.09,DCDS
2021-05-09,60554.5,DCDS
2021-05-10,61396.61,DCDS
2021-05-11,61186.44,DCDS
2021-05-12,62202.05,DCDS
2021-05-13,61782.44,DCDS
2021-05-17,61515.33,DCDS
2021-05-18,61892.19,DCDS
2021-05-19,62849.2,DCDS
2021-05-20,63649.4,DCDS
2021-05-23,63471.88,DCDS
2021-05-24,63709.92,DCDS
2021-05-25,64449.54,DCDS
2021-05-26,64717.82,DCDS
2021-05-27,64035.96,DCDS
2021-05-30,65017.68,DCDS
2021-05-31,66307.95,DCDS
2021-06-01,66788.56,DCDS
2021-06-02,66856.37,DCDS
2021-06-03,67796.19,DCDS
2021-06-06,68031.12,DCDS
2021-06-07,66807.47,DCDS
2021-06-08,64629.9,DCDS
2021-06-09,65418.51,DCDS
2021-06-10,65453.08,DCDS
2021-06-13,66982.99,DCDS
2021-06-14,67410.89,DCDS
2021-06-15,67285.83,DCDS
2021-06-16,66477.72,DCDS
2021-06-17,66705.5,DCDS
2021-06-20,67549.75,DCDS
2021-06-21,67447.16,DCDS
2021-06-22,67682.77,DCDS
2021-06-23,67625.14,DCDS
2021-06-24,67410.66,DCDS
2021-06-27,67965.32,DCDS
2021-06-28,69121.09,DCDS
2021-06-29,69129.1,DCDS
2021-06-30,69108.95,DCDS
2021-07-01,70004.92,DCDS
2021-07-04,70485.91,DCDS
2021-07-05,70907.25,DCDS
2021-07-06,67634.45,DCDS
2021-07-07,69283.88,DCDS
2021-07-08,68674.4,DCDS
2021-07-11,67631.03,DCDS
2021-07-12,65212.77,DCDS
2021-07-13,65466.55,DCDS
2021-07-14,64237.57,DCDS
2021-07-15,65502.06,DCDS
2021-07-18,65905.57,DCDS
2021-07-19,63302.94,DCDS
2021-07-20,65161.97,DCDS
2021-07-21,65154.01,DCDS
2021-07-22,66070.83,DCDS
2021-07-25,64985.34,DCDS
2021-07-26,65164.93,DCDS
2021-07-27,65689.48,DCDS
2021-07-28,65727.14,DCDS
2021-07-29,66871.57,DCDS
2021-08-01,67860.15,DCDS
2021-08-02,68269.28,DCDS
2021-08-03,69074.75,DCDS
2021-08-04,69287.12,DCDS
2021-08-05,70312.75,DCDS
2021-08-08,70000.39,DCDS
2021-08-09,71304.98,DCDS
2021-08-10,71465.27,DCDS
2021-08-11,71316.18,DCDS
2021-08-12,70679.93,DCDS
2021-08-15,71102.64,DCDS
2021-08-16,72219.27,DCDS
2021-08-17,72226.38,DCDS
2021-08-18,72170.0,DCDS
2021-08-19,72535.61,DCDS
2021-08-22,70453.09,DCDS
2021-08-23,68839.0,DCDS
2021-08-24,68709.87,DCDS
2021-08-25,69431.92,DCDS
2021-08-26,69126.8,DCDS
2021-08-29,69538.42,DCDS
2021-08-30,70619.91,DCDS
2021-08-31,70752.96,DCDS
2021-09-05,71068.62,DCDS
2021-09-06,72090.64,DCDS
2021-09-07,71955.84,DCDS
2021-09-08,71882.43,DCDS
2021-09-09,72802.97,DCDS
2021-09-12,72601.08,DCDS
2021-09-13,72261.06,DCDS
2021-09-14,71917.89,DCDS
2021-09-15,72753.33,DCDS
2021-09-16,72878.34,DCDS
2021-09-19,73602.8,DCDS
2021-09-20,73103.74,DCDS
2021-09-21,73026.54,DCDS
2021-09-22,73418.07,DCDS
2021-09-23,73295.12,DCDS
2021-09-26,72908.62,DCDS
2021-09-27,71375.18,DCDS
2021-09-28,72584.47,DCDS
2021-09-29,72703.77,DCDS
2021-09-30,72792.01,DCDS
2021-10-03,72379.84,DCDS
2021-10-04,73140.84,DCDS
2021-10-05,73734.96,DCDS
2021-10-06,74262.8,DCDS
2021-10-07,74618.45,DCDS
2021-10-10,74836.99,DCDS
2021-10-11,75900.37,DCDS
2021-10-12,76065.31,DCDS
2021-10-13,76050.66,DCDS
2021-10-14,76190.3,DCDS
2021-10-17,76773.03,DCDS
2021-10-18,77192.28,DCDS
2021-10-19,77074.01,DCDS
2021-10-20,77149.95,DCDS
2021-10-21,77202.54,DCDS
2021-10-24,77015.96,DCDS
2021-10-25,75712.38,DCDS
2021-10-26,76621.54,DCDS
2021-10-27,78002.34,DCDS
2021-10-28,78567.96,DCDS
2021-10-31,78334.49,DCDS
2021-11-01,77831.07,DCDS
2021-11-02,78204.2,DCDS
2021-11-03,77795.49,DCDS
2021-11-04,78503.99,DCDS
2021-11-07,79013.47,DCDS
2021-11-08,79335.29,DCDS
2021-11-09,79260.06,DCDS
2021-11-10,79041.39,DCDS
2021-11-11,78535.06,DCDS
2021-11-14,79081.33,DCDS
2021-11-15,79126.41,DCDS
2021-11-16,78575.54,DCDS
2021-11-17,78857.87,DCDS
2021-11-18,78534.43,DCDS
2021-11-21,77437.67,DCDS
2021-11-22,77282.96,DCDS
2021-11-23,78638.16,DCDS
2021-11-24,79860.7,DCDS
2021-11-25,80499.98,DCDS
2021-11-28,79689.45,DCDS
2021-11-29,78922.61,DCDS
2021-11-30,78721.73,DCDS
2021-12-01,79121.99,DCDS
2021-12-02,78542.28,DCDS
2021-12-05,76329.17,DCDS
2021-12-06,74624.76,DCDS
2021-12-07,76092.6,DCDS
2021-12-08,76491.84,DCDS
2021-12-09,77428.9,DCDS
2021-12-12,77443.03,DCDS
2021-12-13,77839.72,DCDS
2021-12-14,77807.58,DCDS
2021-12-15,77731.81,DCDS
2021-12-16,77356.38,DCDS
2021-12-19,77678.33,DCDS
2021-12-20,77853.49,DCDS
2021-12-21,78065.47,DCDS
2021-12-22,77659.79,DCDS
2021-12-23,76246.02,DCDS
2021-12-26,77427.81,DCDS
2021-12-27,77560.32,DCDS
2021-12-28,77846.91,DCDS
2021-12-29,77513.24,DCDS
2021-12-30,78132.88,DCDS
2022-01-03,78539.15,DCDS
2022-01-04,79492.4,DCDS
2022-01-05,79243.26,DCDS
2022-01-06,78936.9,DCDS
2022-01-09,78541.78,DCDS
2022-01-10,76997.11,DCDS
2022-01-11,76065.25,DCDS
2022-01-12,77327.34,DCDS
2022-01-13,76631.93,DCDS
2022-01-16,76306.32,DCDS
2022-01-17,73351.62,DCDS
2022-01-18,72729.95,DCDS
2022-01-19,73636.59,DCDS
2022-01-20,74545.07,DCDS
2022-01-23,74807.46,DCDS
2022-01-24,72858.48,DCDS
2022-01-25,74640.75,DCDS
2022-01-26,74974.44,DCDS
2022-01-27,74400.27,DCDS
2022-02-06,75228.2,DCDS
2022-02-07,75781.45,DCDS
2022-02-08,76498.48,DCDS
2022-02-09,76834.33,DCDS
2022-02-10,76886.12,DCDS
2022-02-13,76903.24,DCDS
2022-02-14,75244.14,DCDS
2022-02-15,76087.64,DCDS
2022-02-16,76210.42,DCDS
2022-02-17,77011.61,DCDS
2022-02-20,77099.53,DCDS
2022-02-21,77286.07,DCDS
2022-02-22,77161.0,DCDS
2022-02-23,77694.83,DCDS
2022-02-24,77094.54,DCDS
2022-02-25,77094.54,DCDS
2022-02-27,77616.18,DCDS
2022-02-28,77569.67,DCDS
2022-03-01,77714.94,DCDS
2022-03-02,76728.44,DCDS
2022-03-03,77831.24,DCDS
2022-03-06,78002.28,DCDS
2022-03-07,77395.3,DCDS
2022-03-08,76002.21,DCDS
2022-03-09,76142.19,DCDS
2022-03-10,76605.87,DCDS
2022-03-13,76196.22,DCDS
2022-03-14,75281.81,DCDS
2022-03-15,75601.18,DCDS
2022-03-16,76034.0,DCDS
2022-03-17,76075.67,DCDS
2022-03-20,76352.3,DCDS
2022-03-21,77312.58,DCDS
2022-03-22,77826.5,DCDS
2022-03-23,77777.19,DCDS
2022-03-24,77685.58,DCDS
2022-03-27,77973.06,DCDS
2022-03-28,77630.94,DCDS
2022-03-29,78351.87,DCDS
2022-03-30,77705.01,DCDS
2022-03-31,77555.66,DCDS
2022-04-03,78985.26,DCDS
2022-04-04,78874.01,DCDS
2022-04-05,78605.79,DCDS
2022-04-06,78994.11,DCDS
2022-04-07,77796.39,DCDS
2022-04-11,76459.57,DCDS
2022-04-12,75232.21,DCDS
2022-04-13,76640.54,DCDS
2022-04-14,76393.61,DCDS
2022-04-17,75470.27,DCDS
2022-04-18,73801.39,DCDS
2022-04-19,72120.23,DCDS
2022-04-20,71138.37,DCDS
2022-04-21,70633.42,DCDS
2022-04-24,70452.08,DCDS
2022-04-25,66677.23,DCDS
2022-04-26,67957.56,DCDS
2022-04-27,68608.23,DCDS
2022-04-28,68602.13,DCDS
2022-05-03,69739.8,DCDS
2022-05-04,68562.18,DCDS
2022-05-05,68293.27,DCDS
2022-05-08,66719.99,DCDS
2022-05-09,62975.34,DCDS
2022-05-10,64170.05,DCDS
2022-05-11,64572.69,DCDS
2022-05-12,61161.19,DCDS
2022-05-15,57855.58,DCDS
2022-05-16,57171.9,DCDS
2022-05-17,60238.62,DCDS
2022-05-18,60871.35,DCDS
2022-05-19,60924.66,DCDS
2022-05-22,61239.2,DCDS
2022-05-23,60215.81,DCDS
2022-05-24,60980.71,DCDS
2022-05-25,63072.0,DCDS
2022-05-26,63065.51,DCDS
2022-05-29,63774.16,DCDS
2022-05-30,64225.44,DCDS
2022-05-31,64144.55,DCDS
2022-06-01,64495.66,DCDS
2022-06-02,64041.08,DCDS
2022-06-05,64665.82,DCDS
2022-06-06,64640.63,DCDS
2022-06-07,65160.67,DCDS
2022-06-08,65936.09,DCDS
2022-06-09,66174.33,DCDS
2022-06-12,64346.31,DCDS
2022-06-13,61466.64,DCDS
2022-06-14,62123.3,DCDS
2022-06-15,61983.21,DCDS
2022-06-17,63359.47,DCDS
2022-06-19,62755.25,DCDS
2022-06-20,60761.88,DCDS
2022-06-21,59335.93,DCDS
2022-06-22,58325.33,DCDS
2022-06-23,60370.12,DCDS
2022-06-27,60078.67,DCDS
2022-06-28,60884.46,DCDS
2022-06-29,61655.77,DCDS
2022-06-30,61637.06,DCDS
2022-07-01,60564.74,DCDS
2022-07-04,60314.98,DCDS
2022-07-05,59675.77,DCDS
2022-07-06,58548.68,DCDS
2022-07-07,56871.63,DCDS
2022-07-08,57575.58,DCDS
2022-07-11,58008.56,DCDS
2022-07-12,56924.74,DCDS
2022-07-13,58236.9,DCDS
2022-07-14,57934.2,DCDS
2022-07-15,58290.81,DCDS
2022-07-18,58072.74,DCDS
2022-07-19,58140.59,DCDS
2022-07-20,58241.57,DCDS
2022-07-21,59262.16,DCDS
2022-07-22,59479.01,DCDS
2022-07-25,59387.37,DCDS
2022-07-26,58917.39,DCDS
2022-07-27,58573.76,DCDS
2022-07-28,58926.31,DCDS
2022-07-29,59754.62,DCDS
2022-08-01,59813.78,DCDS
2022-08-02,60814.51,DCDS
2022-08-03,60962.67,DCDS
2022-08-04,61615.11,DCDS
2022-08-05,61543.99,DCDS
2022-08-08,61671.34,DCDS
2022-08-09,62062.59,DCDS
2022-08-10,62043.82,DCDS
2022-08-11,61987.49,DCDS
2022-08-12,61578.76,DCDS
2022-08-15,62256.95,DCDS
2022-08-16,62852.95,DCDS
2022-08-17,62937.35,DCDS
2022-08-18,62974.6,DCDS
2022-08-19,62826.08,DCDS
2022-08-22,62784.33,DCDS
2022-08-23,62580.78,DCDS
2022-08-24,63164.49,DCDS
2022-08-25,63511.35,DCDS
2022-08-26,63839.5,DCDS
2022-08-29,63767.74,DCDS
2022-08-30,63569.04,DCDS
2022-08-31,63607.06,DCDS
2022-09-05,63801.29,DCDS
2022-09-06,63536.69,DCDS
2022-09-07,63492.88,DCDS
2022-09-08,61600.47,DCDS
2022-09-09,61345.52,DCDS
2022-09-12,62135.87,DCDS
2022-09-13,62314.88,DCDS
2022-09-14,62266.77,DCDS
2022-09-15,62084.13,DCDS
2022-09-16,62119.94,DCDS
2022-09-19,61279.92,DCDS
2022-09-20,59529.02,DCDS
2022-09-21,60247.35,DCDS
2022-09-22,59778.51,DCDS
2022-09-23,60075.7,DCDS
2022-09-26,59551.46,DCDS
2022-09-27,57847.74,DCDS
2022-09-28,57287.8,DCDS
2022-09-29,56219.77,DCDS
2022-09-30,55268.09,DCDS
2022-10-03,55957.23,DCDS
2022-10-04,53402.85,DCDS
2022-10-05,53128.59,DCDS
2022-10-06,54356.85,DCDS
2022-10-07,52939.31,DCDS
2022-10-10,51465.02,DCDS
2022-10-11,52561.72,DCDS
2022-10-12,51155.08,DCDS
2022-10-13,52624.72,DCDS
2022-10-14,53267.89,DCDS
2022-10-17,54241.5,DCDS
2022-10-18,54168.7,DCDS
2022-10-19,54410.68,DCDS
2022-10-20,54364.4,DCDS
2022-10-21,54091.47,DCDS
2022-10-24,52031.09,DCDS
2022-10-25,50597.41,DCDS
2022-10-26,51329.82,DCDS
2022-10-27,51076.8,DCDS
2022-10-28,52597.99,DCDS
2022-10-31,52575.86,DCDS
2022-11-01,52403.24,DCDS
2022-11-02,52506.96,DCDS
2022-11-03,52037.84,DCDS
2022-11-04,52199.79,DCDS
2022-11-07,50904.81,DCDS
2022-11-08,49921.88,DCDS
2022-11-09,50560.43,DCDS
2022-11-10,50703.78,DCDS
2022-11-11,48933.62,DCDS
2022-11-14,49318.96,DCDS
2022-11-15,48420.94,DCDS
2022-11-16,46614.28,DCDS
2022-11-17,47520.85,DCDS
2022-11-18,48401.16,DCDS
2022-11-21,48622.07,DCDS
2022-11-22,48452.48,DCDS
2022-11-23,48316.95,DCDS
2022-11-24,48039.84,DCDS
2022-11-25,47934.2,DCDS
2022-11-28,49020.22,DCDS
2022-11-29,50652.75,DCDS
2022-11-30,51954.99,DCDS
2022-12-01,52802.88,DCDS
2022-12-02,52112.55,DCDS
2022-12-05,54290.87,DCDS
2022-12-06,54918.57,DCDS
2022-12-07,52996.7,DCDS
2022-12-08,52655.57,DCDS
2022-12-09,53434.12,DCDS
2022-12-12,53706.27,DCDS
2022-12-13,52726.55,DCDS
2022-12-14,53780.9,DCDS
2022-12-15,53977.6,DCDS
2022-12-16,54335.31,DCDS
2022-12-19,54459.71,DCDS
2022-12-20,53452.66,DCDS
2022-12-21,52681.45,DCDS
2022-12-22,52232.23,DCDS
2022-12-23,52485.84,DCDS
2022-12-26,52249.1,DCDS
2022-12-27,49860.87,DCDS
2022-12-28,51188.62,DCDS
2022-12-29,51604.98,DCDS
2022-12-30,51200.28,DCDS
2023-01-03,51528.68,DCDS
2023-01-04,53093.8,DCDS
2023-01-05,53192.96,DCDS
2023-01-06,53681.55,DCDS
2023-01-09,53299.74,DCDS
2023-01-10,53046.41,DCDS
2023-01-11,52934.72,DCDS
2023-01-12,53063.67,DCDS
2023-01-13,53056.47,DCDS
2023-01-16,53141.92,DCDS
2023-01-17,53395.75,DCDS
2023-01-18,54677.84,DCDS
2023-01-19,55244.64,DCDS
2023-01-27,55716.22,DCDS
2023-01-30,55929.87,DCDS
2023-01-31,55445.65,DCDS
2023-02-01,56132.72,DCDS
2023-02-02,54220.3,DCDS
2023-02-03,54343.2,DCDS
2023-02-06,54127.15,DCDS
2023-02-07,54565.79,DCDS
2023-02-08,53512.55,DCDS
2023-02-09,53690.81,DCDS
2023-02-10,53425.47,DCDS
2023-02-13,52831.83,DCDS
2023-02-14,52149.21,DCDS
2023-02-15,52149.14,DCDS
2023-02-16,52749.7,DCDS
2023-02-17,53601.64,DCDS
2023-02-20,53615.3,DCDS
2023-02-21,55030.26,DCDS
2023-02-22,54681.09,DCDS
2023-02-23,53191.92,DCDS
2023-02-24,53442.19,DCDS
2023-02-27,52429.43,DCDS
2023-02-28,51278.13,DCDS
2023-03-01,51495.91,DCDS
2023-03-02,52581.45,DCDS
2023-03-03,52455.08,DCDS
2023-03-06,51697.27,DCDS
2023-03-07,51920.28,DCDS
2023-03-08,52544.94,DCDS
2023-03-09,53322.71,DCDS
2023-03-10,53498.21,DCDS
2023-03-13,53207.05,DCDS
2023-03-14,53076.03,DCDS
2023-03-15,52084.89,DCDS
2023-03-16,53499.83,DCDS
2023-03-17,52737.67,DCDS
2023-03-20,52644.66,DCDS
2023-03-21,51483.69,DCDS
2023-03-22,52086.95,DCDS
2023-03-23,52475.09,DCDS
2023-03-24,52750.24,DCDS
2023-03-27,52848.72,DCDS
2023-03-28,53162.89,DCDS
2023-03-29,53138.94,DCDS
2023-03-30,53281.24,DCDS
2023-03-31,53350.36,DCDS
2023-04-03,53653.34,DCDS
2023-04-04,54628.12,DCDS
2023-04-05,54719.93,DCDS
2023-04-06,54938.67,DCDS
2023-04-07,54148.94,DCDS
2023-04-10,54252.4,DCDS
2023-04-11,54103.74,DCDS
2023-04-12,54471.43,DCDS
2023-04-13,54593.28,DCDS
2023-04-14,54325.09,DCDS
2023-04-17,53294.63,DCDS
2023-04-18,53545.26,DCDS
2023-04-19,53819.33,DCDS
2023-04-20,53420.73,DCDS
2023-04-21,53306.93,DCDS
2023-04-24,53057.75,DCDS
2023-04-25,53063.0,DCDS
2023-04-26,52703.89,DCDS
2023-04-27,53081.64,DCDS
2023-04-28,53135.97,DCDS
2023-05-04,53772.17,DCDS
2023-05-05,53431.39,DCDS
2023-05-08,53337.63,DCDS
2023-05-09,53853.22,DCDS
2023-05-10,53901.98,DCDS
2023-05-11,54277.9,DCDS
2023-05-12,54350.87,DCDS
2023-05-15,54974.91,DCDS
2023-05-16,54596.33,DCDS
2023-05-17,54669.03,DCDS
2023-05-18,54096.77,DCDS
2023-05-19,54471.82,DCDS
2023-05-22,54710.55,DCDS
2023-05-23,55077.99,DCDS
2023-05-24,54927.43,DCDS
2023-05-25,54644.79,DCDS
2023-05-26,54610.51,DCDS
2023-05-29,54708.16,DCDS
2023-05-30,55418.75,DCDS
2023-05-31,56000.32,DCDS
2023-06-01,55818.26,DCDS
2023-06-02,56103.57,DCDS
2023-06-05,56720.56,DCDS
2023-06-06,56724.67,DCDS
2023-06-07,57389.23,DCDS
2023-06-08,57758.69,DCDS
2023-06-09,56881.42,DCDS
2023-06-12,57529.95,DCDS
2023-06-13,58016.52,DCDS
2023-06-14,58233.15,DCDS
2023-06-15,57776.78,DCDS
2023-06-16,57980.83,DCDS
2023-06-19,58061.72,DCDS
2023-06-20,57897.1,DCDS
2023-06-21,58622.47,DCDS
2023-06-22,59186.55,DCDS
2023-06-23,59638.01,DCDS
2023-06-26,59626.86,DCDS
2023-06-27,59755.59,DCDS
2023-06-28,59918.8,DCDS
2023-06-29,60022.24,DCDS
2023-06-30,59027.43,DCDS
2023-07-03,59090.99,DCDS
2023-07-04,59321.02,DCDS
2023-07-05,59943.13,DCDS
2023-07-06,60121.27,DCDS
2023-07-07,59624.64,DCDS
2023-07-10,60527.34,DCDS
2023-07-11,61102.02,DCDS
2023-07-12,61234.62,DCDS
2023-07-13,61355.27,DCDS
2023-07-14,62066.76,DCDS
2023-07-17,62389.28,DCDS
2023-07-18,62495.58,DCDS
2023-07-19,62452.41,DCDS
2023-07-20,62374.33,DCDS
2023-07-21,62599.87,DCDS
2023-07-24,63783.41,DCDS
2023-07-25,64136.49,DCDS
2023-07-26,64162.49,DCDS
2023-07-27,64410.99,DCDS
2023-07-28,64493.46,DCDS
2023-07-31,65144.15,DCDS
2023-08-01,65619.23,DCDS
2023-08-02,64736.09,DCDS
2023-08-03,65096.32,DCDS
2023-08-04,64745.63,DCDS
2023-08-07,65571.44,DCDS
2023-08-08,66302.91,DCDS
2023-08-09,65887.7,DCDS
2023-08-10,65545.36,DCDS
2023-08-11,64573.31,DCDS
2023-08-14,65251.23,DCDS
2023-08-15,65918.39,DCDS
2023-08-16,65876.18,DCDS
2023-08-17,66186.98,DCDS
2023-08-18,65845.97,DCDS
2023-08-21,62590.01,DCDS
2023-08-22,62700.48,DCDS
2023-08-23,63184.31,DCDS
2023-08-24,62613.37,DCDS
2023-08-25,64179.56,DCDS
2023-08-28,64201.58,DCDS
2023-08-29,65554.23,DCDS
2023-08-30,65961.99,DCDS
2023-08-31,67055.43,DCDS
2023-09-05,67778.38,DCDS
2023-09-06,68245.25,DCDS
2023-09-07,69204.87,DCDS
2023-09-08,69045.8,DCDS
2023-09-11,69282.16,DCDS
2023-09-12,68062.92,DCDS
2023-09-13,69697.18,DCDS
2023-09-14,69394.88,DCDS
2023-09-15,68516.88,DCDS
2023-09-18,68864.63,DCDS
2023-09-19,68339.8,DCDS
2023-09-20,68927.08,DCDS
2023-09-21,69894.28,DCDS
2023-09-22,68778.84,DCDS
2023-09-25,67209.64,DCDS
2023-09-26,64411.45,DCDS
2023-09-27,63614.06,DCDS
2023-09-28,65110.46,DCDS
2023-09-29,65235.03,DCDS
2023-10-02,65011.48,DCDS
2023-10-03,65174.04,DCDS
2023-10-04,62666.55,DCDS
2023-10-05,63722.18,DCDS
2023-10-06,62814.06,DCDS
2023-10-09,63953.11,DCDS
2023-10-10,64919.46,DCDS
2023-10-11,65007.51,DCDS
2023-10-12,65896.0,DCDS
2023-10-13,65848.83,DCDS
2023-10-16,66356.2,DCDS
2023-10-17,65531.58,DCDS
2023-10-18,63180.88,DCDS
2023-10-19,62595.61,DCDS
2023-10-20,61386.46,DCDS
2023-10-23,62650.81,DCDS
2023-10-24,61589.86,DCDS
2023-10-25,62281.14,DCDS
2023-10-26,61927.15,DCDS
2023-10-27,59074.37,DCDS
2023-10-30,59744.51,DCDS
2023-10-31,57815.76,DCDS
2023-11-01,55978.07,DCDS
2023-11-02,56915.99,DCDS
2023-11-03,59442.67,DCDS
2023-11-06,59560.82,DCDS
2023-11-07,60310.92,DCDS
2023-11-08,60058.31,DCDS
2023-11-09,62675.17,DCDS
2023-11-10,62988.83,DCDS
2023-11-13,62523.5,DCDS
2023-11-14,62800.24,DCDS
2023-11-15,63487.29,DCDS
2023-11-16,63652.86,DCDS
2023-11-17,64203.91,DCDS
2023-11-20,63103.12,DCDS
2023-11-21,63377.96,DCDS
2023-11-22,64161.12,DCDS
2023-11-23,64647.0,DCDS
2023-11-24,62163.5,DCDS
2023-11-27,63016.36,DCDS
2023-11-28,62106.29,DCDS
2023-11-29,62533.01,DCDS
2023-11-30,63346.38,DCDS
2023-12-01,63068.47,DCDS
2023-12-04,63442.11,DCDS
2023-12-05,64978.34,DCDS
2023-12-06,64811.58,DCDS
2023-12-07,65503.22,DCDS
2023-12-08,64736.32,DCDS
2023-12-11,64743.65,DCDS
2023-12-12,64685.75,DCDS
2023-12-13,64972.68,DCDS
2023-12-14,63823.48,DCDS
2023-12-15,63506.86,DCDS
2023-12-18,63339.91,DCDS
2023-12-19,62835.58,DCDS
2023-12-20,63507.85,DCDS
2023-12-21,63916.1,DCDS
2023-12-22,64163.5,DCDS
2023-12-25,64251.39,DCDS
2023-12-26,65210.06,DCDS
2023-12-27,65553.58,DCDS
2023-12-28,65500.1,DCDS
2023-12-29,65607.01,DCDS
2024-01-02,65718.66,DCDS
2024-01-03,65216.48,DCDS
2024-01-04,65931.49,DCDS
2024-01-05,66017.21,DCDS
2024-01-08,66247.04,DCDS
2024-01-09,66316.91,DCDS
2024-01-10,66108.72,DCDS
2024-01-11,65541.99,DCDS
2024-01-12,65682.88,DCDS
2024-01-15,65140.63,DCDS
2024-01-16,64994.52,DCDS
2024-01-17,65899.04,DCDS
2024-01-18,65945.1,DCDS
2024-01-19,66368.82,DCDS
2024-01-22,66762.98,DCDS
2024-01-23,66885.6,DCDS
2024-01-24,66766.83,DCDS
2024-01-25,66412.4,DCDS
2024-01-26,66546.0,DCDS
2024-01-29,66904.9,DCDS
2024-01-30,66926.17,DCDS
2024-01-31,67463.59,DCDS
2024-02-01,66785.13,DCDS
2024-02-02,67721.91,DCDS
2024-02-05,67985.36,DCDS
2024-02-06,68805.06,DCDS
2024-02-07,69280.47,DCDS
2024-02-15,69759.59,DCDS
2024-02-16,69801.21,DCDS
2024-02-19,69884.77,DCDS
2024-02-20,69939.44,DCDS
2024-02-21,69929.59,DCDS
2024-02-22,70274.14,DCDS
2024-02-23,70170.03,DCDS
2024-02-26,69124.66,DCDS
2024-02-27,70444.55,DCDS
2024-02-28,71388.95,DCDS
2024-02-29,71861.42,DCDS
2024-03-01,72191.61,DCDS
2024-03-04,72926.51,DCDS
2024-03-05,73197.03,DCDS
2024-03-06,73613.63,DCDS
2024-03-07,72807.79,DCDS
2024-03-08,73412.84,DCDS
2024-03-11,72219.02,DCDS
2024-03-12,71708.0,DCDS
2024-03-13,72564.35,DCDS
2024-03-14,74700.06,DCDS
2024-03-15,74441.89,DCDS
2024-03-18,74435.41,DCDS
2024-03-19,72779.32,DCDS
2024-03-20,72471.29,DCDS
2024-03-21,73931.16,DCDS
2024-03-22,75110.44,DCDS
2024-03-25,75288.54,DCDS
2024-03-26,74321.0,DCDS
2024-03-27,75257.28,DCDS
2024-03-28,75802.01,DCDS
2024-03-29,76579.99,DCDS
2024-04-01,76252.54,DCDS
2024-04-02,76061.71,DCDS
2024-04-03,76685.3,DCDS
2024-04-04,75355.63,DCDS
2024-04-05,74953.94,DCDS
2024-04-08,73947.08,DCDS
2024-04-09,73309.86,DCDS
2024-04-10,74333.56,DCDS
2024-04-11,73972.99,DCDS
2024-04-12,74241.52,DCDS
2024-04-15,75489.96,DCDS
2024-04-16,71484.54,DCDS
2024-04-17,71715.55,DCDS
2024-04-19,70448.0,DCDS
2024-04-22,69086.72,DCDS
2024-04-23,70220.16,DCDS
2024-04-24,69813.33,DCDS
2024-04-25,72371.79,DCDS
2024-04-26,72496.89,DCDS
2024-05-02,72945.92,DCDS
2024-05-03,73738.3,DCDS
2024-05-06,74186.74,DCDS
2024-05-07,75649.42,DCDS
2024-05-08,76321.67,DCDS
2024-05-09,76499.67,DCDS
2024-05-10,76474.5,DCDS
2024-05-13,76588.15,DCDS
2024-05-14,76119.57,DCDS
2024-05-15,76601.08,DCDS
2024-05-16,77619.71,DCDS
2024-05-17,78458.02,DCDS
2024-05-20,78787.98,DCDS
2024-05-21,78794.41,DCDS
2024-05-22,79250.63,DCDS
2024-05-23,79062.9,DCDS
2024-05-24,79913.28,DCDS
2024-05-27,78087.82,DCDS
2024-05-28,78367.43,DCDS
2024-05-29,79639.74,DCDS
2024-05-30,79001.93,DCDS
2024-05-31,79079.32,DCDS
2024-06-03,79286.75,DCDS
2024-06-04,80283.05,DCDS
2024-06-05,80673.12,DCDS
2024-06-06,80134.84,DCDS
2024-06-07,80309.02,DCDS
2024-06-10,80857.92,DCDS
2024-06-11,81672.79,DCDS
2024-06-12,81745.25,DCDS
2024-06-13,82941.86,DCDS
2024-06-14,83176.13,DCDS
2024-06-17,81655.83,DCDS
2024-06-18,81316.99,DCDS
2024-06-19,81694.05,DCDS
2024-06-20,82161.82,DCDS
2024-06-21,82663.13,DCDS
2024-06-24,82963.51,DCDS
2024-06-25,80456.47,DCDS
2024-06-26,80499.57,DCDS
2024-06-27,80917.3,DCDS
2024-06-28,80756.01,DCDS
2024-07-01,79515.4,DCDS
2024-07-02,80083.33,DCDS
2024-07-03,80747.09,DCDS
2024-07-04,81159.41,DCDS
2024-07-05,81582.79,DCDS
2024-07-08,82118.71,DCDS
2024-07-09,82799.01,DCDS
2024-07-10,83072.35,DCDS
2024-07-11,82253.85,DCDS
2024-07-12,81887.91,DCDS
2024-07-15,81638.39,DCDS
2024-07-16,81556.57,DCDS
2024-07-17,81652.71,DCDS
2024-07-18,80606.58,DCDS
2024-07-19,81030.09,DCDS
2024-07-22,80426.57,DCDS
2024-07-23,79191.98,DCDS
2024-07-24,77593.1,DCDS
2024-07-25,77896.51,DCDS
2024-07-26,77572.64,DCDS
2024-07-29,78376.91,DCDS
2024-07-30,78824.91,DCDS
2024-07-31,78662.62,DCDS
2024-08-01,78713.23,DCDS
2024-08-02,76470.06,DCDS
2024-08-05,77282.3,DCDS
2024-08-06,74109.05,DCDS
2024-08-07,75657.72,DCDS
2024-08-08,75712.49,DCDS
2024-08-09,75078.45,DCDS
2024-08-12,76804.65,DCDS
2024-08-13,77630.49,DCDS
2024-08-14,77647.0,DCDS
2024-08-15,77417.24,DCDS
2024-08-16,76728.95,DCDS
2024-08-19,78815.24,DCDS
2024-08-20,79502.65,DCDS
2024-08-21,80116.15,DCDS
2024-08-22,80939.44,DCDS
2024-08-23,80915.0,DCDS
2024-08-26,80879.37,DCDS
2024-08-27,80139.12,DCDS
2024-08-28,80211.29,DCDS
2024-08-29,80188.33,DCDS
2024-08-30,80254.43,DCDS
2024-09-04,80598.96,DCDS
2024-09-05,79997.6,DCDS
2024-09-06,79241.66,DCDS
2024-09-09,79556.94,DCDS
2024-09-10,79189.04,DCDS
2024-09-11,78590.35,DCDS
2024-09-12,78587.15,DCDS
2024-09-13,78753.09,DCDS
2024-09-16,78768.84,DCDS
2024-09-17,77923.63,DCDS
2024-09-18,79036.86,DCDS
2024-09-19,79693.61,DCDS
2024-09-20,80079.46,DCDS
2024-09-23,80308.07,DCDS
2024-09-24,80023.92,DCDS
2024-09-25,80641.59,DCDS
2024-09-26,81247.28,DCDS
2024-09-27,81237.04,DCDS
2024-09-30,81033.19,DCDS
2024-10-01,81062.4,DCDS
2024-10-02,81167.73,DCDS
2024-10-03,80845.87,DCDS
2024-10-04,80009.49,DCDS
2024-10-07,79614.03,DCDS
2024-10-08,79806.61,DCDS
2024-10-09,79795.03,DCDS
2024-10-10,80418.86,DCDS
2024-10-11,80848.38,DCDS
2024-10-14,80971.24,DCDS
2024-10-15,80624.05,DCDS
2024-10-16,80378.14,DCDS
2024-10-17,80533.87,DCDS
2024-10-18,81095.12,DCDS
2024-10-21,80859.04,DCDS
2024-10-22,80447.73,DCDS
2024-10-23,79933.7,DCDS
2024-10-24,80078.9,DCDS
2024-10-25,79028.76,DCDS
2024-10-28,78960.95,DCDS
2024-10-29,79243.26,DCDS
2024-10-30,79769.56,DCDS
2024-10-31,79697.66,DCDS
2024-11-01,80184.75,DCDS
2024-11-04,79396.4,DCDS
2024-11-05,78776.76,DCDS
2024-11-06,78842.0,DCDS
2024-11-07,79820.11,DCDS
2024-11-08,79886.79,DCDS
2024-11-11,79667.13,DCDS
2024-11-12,79404.72,DCDS
2024-11-13,78926.13,DCDS
2024-11-14,79137.79,DCDS
2024-11-15,77986.68,DCDS
2024-11-18,77204.26,DCDS
2024-11-19,77018.13,DCDS
2024-11-20,75618.0,DCDS
2024-11-21,76243.03,DCDS
2024-11-22,77330.79,DCDS
2024-11-25,77302.84,DCDS
2024-11-26,77619.35,DCDS
2024-11-27,78020.61,DCDS
2024-11-28,78216.53,DCDS
2024-11-29,78447.36,DCDS
2024-12-02,79311.46,DCDS
2024-12-03,79319.82,DCDS
2024-12-04,79369.26,DCDS
2024-12-05,78878.81,DCDS
2024-12-06,80883.15,DCDS
2024-12-09,81032.36,DCDS
2024-12-10,81172.63,DCDS
2024-12-11,81152.92,DCDS
2024-12-12,80982.39,DCDS
2024-12-13,80770.39,DCDS
2024-12-16,80567.9,DCDS
2024-12-17,80770.71,DCDS
2024-12-18,80549.56,DCDS
2024-12-19,80779.16,DCDS
2024-12-20,80288.95,DCDS
2024-12-23,80543.95,DCDS
2024-12-24,80865.45,DCDS
2024-12-25,80821.26,DCDS
2024-12-26,81783.14,DCDS
2024-12-27,81600.04,DCDS
2024-12-30,81555.51,DCDS
2024-12-31,81619.28,DCDS
2025-01-02,81435.01,DCDS
2025-01-03,81428.67,DCDS
2025-01-06,80083.42,DCDS
2025-01-07,79351.3,DCDS
2025-01-08,79350.71,DCDS
2025-01-09,79547.0,DCDS
2025-01-10,79189.43,DCDS
2025-01-13,78085.47,DCDS
2025-01-14,78457.46,DCDS
2025-01-15,77863.23,DCDS
2025-01-16,78239.97,DCDS
2025-01-17,78653.63,DCDS
2025-01-20,79362.23,DCDS
2025-01-21,79413.93,DCDS
2025-01-22,79267.68,DCDS
2025-01-23,79159.95,DCDS
2025-01-24,80461.81,DCDS
2025-02-03,80659.4,DCDS
2025-02-04,79565.47,DCDS
2025-02-05,80522.34,DCDS
2025-02-06,80732.9,DCDS
2025-02-07,80789.83,DCDS
2025-02-10,80827.06,DCDS
2025-02-11,79667.08,DCDS
2025-02-12,80271.74,DCDS
2025-02-13,80100.84,DCDS
2025-02-14,80155.61,DCDS
2025-02-17,80444.46,DCDS
2025-02-18,79806.58,DCDS
2025-02-19,80161.99,DCDS
2025-02-20,80986.2,DCDS
2025-02-21,81090.83,DCDS
2025-02-24,81251.3,DCDS
2025-02-25,81614.03,DCDS
2025-02-26,81418.39,DCDS
2025-02-27,81440.47,DCDS
2025-02-28,81829.15,DCDS
2025-03-03,81491.7,DCDS
2025-03-04,81696.95,DCDS
2025-03-05,82052.52,DCDS
2025-03-06,81356.6,DCDS
2025-03-07,82594.52,DCDS
2025-03-10,82775.63,DCDS
2025-03-11,82614.83,DCDS
2025-03-12,82827.03,DCDS
2025-03-13,82387.59,DCDS
2025-03-14,81375.55,DCDS
2025-03-17,80970.13,DCDS
2025-03-18,81373.23,DCDS
2025-03-19,80828.16,DCDS
2025-03-20,80029.92,DCDS
2025-03-21,80213.6,DCDS
2025-03-24,80237.93,DCDS
2025-03-25,80621.34,DCDS
2025-03-26,80658.91,DCDS
2025-03-27,80367.51,DCDS
2025-03-28,80273.65,DCDS
2025-03-31,79771.59,DCDS
2025-04-01,79331.9,DCDS
2025-04-02,79840.04,DCDS
2025-04-03,79954.7,DCDS
2025-04-04,75067.16,DCDS
2025-04-08,74513.26,DCDS
2025-04-09,70120.42,DCDS
2025-04-10,68057.72,DCDS
2025-04-11,71847.59,DCDS
2025-04-14,74893.96,DCDS
2025-04-15,76684.3,DCDS
2025-04-16,75977.97,DCDS
2025-04-17,74841.06,DCDS
2025-04-18,75419.0,DCDS
2025-04-21,75372.33,DCDS
2025-04-22,74945.23,DCDS
2025-04-23,74617.88,DCDS
2025-04-24,75751.55,DCDS
2025-04-25,76403.9,DCDS
2025-04-28,76690.75,DCDS
2025-04-29,76432.68,DCDS
2025-05-05,76606.77,DCDS
2025-05-06,77709.57,DCDS
2025-05-07,77630.86,DCDS
2025-05-08,78073.99,DCDS
2025-05-09,79132.0,DCDS
2025-05-12,78953.18,DCDS
2025-05-13,80085.17,DCDS
2025-05-14,81011.05,DCDS
2025-05-15,81707.74,DCDS
2025-05-16,81699.69,DCDS
2025-05-19,81002.8,DCDS
2025-05-20,80831.76,DCDS
2025-05-21,82524.63,DCDS
2025-05-22,83589.7,DCDS
2025-05-23,83208.95,DCDS
2025-05-26,83528.91,DCDS
2025-05-27,84789.8,DCDS
2025-05-28,85495.85,DCDS
2025-05-29,85706.22,DCDS
2025-05-30,86034.54,DCDS
2025-06-02,85363.62,DCDS
2025-06-02,85363.62,DCDS
2025-06-03,85567.82,DCDS
2025-06-04,86211.15,DCDS
2025-06-05,86146.76,DCDS
2025-06-06,86020.33,DCDS
2025-06-09,85194.02,DCDS
2025-06-10,83848.31,DCDS
2025-06-11,84433.03,DCDS
2025-06-12,84468.17,DCDS
2025-06-13,85309.03,DCDS
2025-06-16,84591.96,DCDS
2025-06-17,85826.45,DCDS
2025-06-18,86580.17,DCDS
2025-06-18,86580.17,DCDS
2025-06-19,86627.33,DCDS
2025-06-20,87007.21,DCDS
2025-06-20,87007.21,DCDS
2025-06-23,87019.13,DCDS
2025-06-24,87239.19,DCDS
2025-06-25,87939.8,DCDS
2025-06-26,88009.58,DCDS
2025-06-27,88192.47,DCDS
2025-06-30,88247.19,DCDS
2025-07-01,88678.26,DCDS
2025-07-02,88495.37,DCDS
2025-07-03,89219.36,DCDS
2025-07-04,89127.66,DCDS
2025-07-07,89584.37,DCDS
2025-07-08,90551.26,DCDS
2025-07-09,91343.38,DCDS
2025-07-10,91571.98,DCDS
2025-07-11,92065.65,DCDS
2025-07-14,92531.18,DCDS
2025-07-15,93481.37,DCDS
2025-07-16,93073.8,DCDS
2025-07-17,94278.69,DCDS
2025-07-18,95468.03,DCDS
2025-07-21,96373.23,DCDS
2025-07-22,95454.64,DCDS
2025-07-23,97121.49,DCDS
2025-07-24,97449.03,DCDS
2025-07-25,97858.18,DCDS
2025-07-28,98932.18,DCDS
2025-07-29,100823.9,DCDS
2025-07-30,96032.53,DCDS
2025-07-31,97612.53,DCDS
2025-08-01,97608.26,DCDS
2025-08-04,96963.68,DCDS
2025-08-05,99083.78,DCDS
2025-08-06,100286.96,DCDS
2025-08-07,102425.85,DCDS
2025-08-08,103459.07,DCDS
2025-08-11,103689.48,DCDS
2025-08-12,104320.21,DCDS
2025-08-13,104883.08,DCDS
2025-08-14,105191.38,DCDS
2025-08-15,107371.07,DCDS
2025-08-18,106515.08,DCDS
2025-08-19,107181.11,DCDS
2025-08-20,108432.16,DCDS
2025-08-21,108787.18,DCDS
2025-08-22,109977.4,DCDS
2025-08-25,106119.55,DCDS
2025-08-26,103511.43,DCDS
2025-08-27,107956.97,DCDS
2025-08-28,108260.15,DCDS
2025-08-29,109388.2,DCDS
2025-09-03,110037.18,DCDS
2025-09-04,110145.16,DCDS
2025-09-05,111115.56,DCDS
2025-09-08,108303.17,DCDS
2025-09-09,104993.85,DCDS
2025-09-10,106738.8,DCDS
2025-09-11,106876.14,DCDS
2025-09-12,107841.76,DCDS
2025-09-15,108248.43,DCDS
2025-09-16,109435.73,DCDS
2025-09-17,108980.14,DCDS
2025-09-18,107524.4,DCDS
2025-09-19,107430.61,DCDS
2025-09-22,106945.96,DCDS
2025-09-23,105173.46,DCDS
2025-09-24,105379.02,DCDS
2025-09-25,107514.69,DCDS
2025-09-26,107819.3,DCDS
2025-09-29,107088.7,DCDS
2025-09-30,107417.05,DCDS
2025-10-01,107138.03,DCDS
2025-10-02,107557.25,DCDS
2025-10-03,106121.56,DCDS
2025-10-06,105123.62,DCDS
2025-10-07,109039.08,DCDS
2025-10-08,107974.73,DCDS
2025-10-09,109254.28,DCDS
2025-10-10,110649.52,DCDS
2025-10-13,112564.43,DCDS
2025-10-14,114460.71,DCDS
2025-10-15,114648.23,DCDS
2025-10-16,114993.41,DCDS
2025-10-17,115766.13,DCDS
2025-10-20,113309.62,DCDS
2025-10-21,106592.54,DCDS
2025-10-22,107540.54,DCDS
2025-10-23,108403.73,DCDS
2025-10-24,108343.34,DCDS
2025-10-27,107660.33,DCDS
2025-10-28,104490.76,DCDS
2025-10-29,106647.79,DCDS
2025-10-30,106696.38,DCDS
2025-10-31,105718.25,DCDS
2025-11-03,103484.56,DCDS
2025-11-04,100868.72,DCDS
2025-11-05,103612.75,DCDS
2025-11-06,103110.15,DCDS
2025-11-07,102077.29,DCDS
2025-11-10,99242.26,DCDS
2025-11-11,98276.42,DCDS
2025-11-12,99299.22,DCDS
2025-11-13,101726.26,DCDS
2025-11-14,101188.02,DCDS
2025-11-17,101621.39,DCDS
2025-11-18,102896.65,DCDS
2025-11-19,103357.6,DCDS
2025-11-20,102573.34,DCDS
2025-11-21,102835.17,DCDS
2025-11-24,102859.28,DCDS
2025-11-25,103152.84,DCDS
2025-11-26,102377.99,DCDS
2025-11-27,103724.44,DCDS
